word,label
兀乇丕賲賱,broken
兀乇丕卅賰,broken
兀賯丕乇亘,broken
兀爻丕賵乇,broken
兀賲丕賰賳,broken
兀賳丕賲賱,broken
兀氐丕亘毓,broken
兀馗丕賮乇,broken
兀賮丕毓賷,broken
兀賲丕爻賷,broken
兀睾丕賳賷,broken
兀乇丕囟賷,broken
兀賵丕賳賷,broken
兀乇丕囟賷,broken
兀丨丕爻賷爻,broken
兀爻丕亘賷毓,broken
兀爻丕胤賷乇,broken
兀亘丕乇賷賯,broken
兀丨丕丿賷孬,broken
兀賲丕賳賷,broken
兀卮噩丕乇,broken
兀卮毓丕乇,broken
兀胤賮丕賱,broken
兀夭賴丕乇,broken
兀禺亘丕乇,broken
兀亘胤丕賱,broken
兀賳賴丕乇,broken
兀亘乇丕噩,broken
兀囟賵丕亍,broken
兀賵賯丕鬲,broken
兀爻賲丕亍,broken
兀賱丨丕賳,broken
兀賯賱丕賲,broken
兀賳賴乇,broken
兀爻亘丕亘,broken
兀丨噩丕乇,broken
兀睾氐丕賳,broken
兀丨賲丕賱,broken
兀毓卮丕卮,broken
兀丨賵丕賱,broken
兀孬賲丕乇,broken
兀亘丨丕乇,broken
兀丨丿丕孬,broken
兀氐賵丕鬲,broken
兀賰賵丕乇,broken
兀爻乇丕噩,broken
兀亘氐丕賱,broken
兀賰賵丕亘,broken
兀睾氐丕賳,broken
兀睾賱丕賲,broken
兀賮賱丕賰,broken
兀賯乇丕氐,broken
兀卮毓丕乇,broken
兀毓賱丕賲,broken
兀賮乇丕毓,broken
兀賲賵丕噩,broken
兀噩賳丕丿,broken
兀賵乇丕賯,broken
兀噩丿丕丿,broken
兀氐賳丕賮,broken
兀毓賲丕賱,broken
兀睾賳丕賲,broken
兀爻毓丕乇,broken
兀賲賵丕賱,broken
兀胤乇丕賮,broken
兀賯賱丕賲,broken
兀馗賱丕賱,broken
兀賳賴丕乇,broken
兀卮噩丕乇,broken
兀胤亘丕賯,broken
兀賰鬲丕賮,broken
兀匕賴丕賳,broken
兀爻賲丕賰,broken
兀毓卮丕卮,broken
兀賯賵丕賱,broken
兀夭乇丕乇,broken
兀賰賵丕亘,broken
兀丨噩丕乇,broken
兀賯丿丕丨,broken
兀毓乇丕囟,broken
兀胤乇丕賮,broken
兀賰賲丕賲,broken
兀賮賵丕賴,broken
兀毓亘丕亍,broken
兀噩賳丕爻,broken
兀賯丿丕賲,broken
兀賲毓丕亍,broken
兀噩賮丕賳,broken
兀丿賵丕鬲,broken
兀氐賵丕鬲,broken
兀賳賵丕毓,broken
兀賮賰丕乇,broken
兀賱賵丕丨,broken
兀亘賳丕亍,broken
兀賵夭丕賳,broken
兀賵乇丕賯,broken
兀爻亘丕亘,broken
兀賲賵丕賱,broken
兀毓丿丕丿,broken
兀賱賵丕賳,broken
兀毓乇丕爻,broken
丌孬丕乇,broken
兀囟乇丕乇,broken
兀卮賷丕亍,broken
兀賲孬丕賱,broken
兀丨賵丕賱,broken
兀毓丿丕亍,broken
兀賳賵丕毓,broken
兀乇噩丕亍,broken
兀毓賷丕丿,broken
兀賮賰丕乇,broken
兀丨賷丕亍,broken
兀爻乇丕亘,broken
兀亘丨丕孬,broken
丕賱兀賳賮丕賯,broken
兀賯胤丕乇,broken
兀胤賷丕賮,broken
兀氐丿丕賮,broken
兀爻乇丕乇,broken
兀丨賱丕賲,broken
兀毓賵丕丿,broken
兀氐賵丕鬲,broken
兀毓卮丕卮,broken
兀賯賵丕爻,broken
兀賳賮丕賯,broken
兀胤亘丕賯,broken
兀賵乇丕賯,broken
兀夭乇丕乇,broken
兀賰賵丕亘,broken
兀胤賵丕賯,broken
兀丨賲丕賱,broken
兀亘賯丕乇,broken
兀丿乇丕噩,broken
兀胤賱丕賱,broken
兀賳睾丕賲,broken
兀賯賲丕毓,broken
兀禺亘丕乇,broken
兀丿賵丕鬲,broken
兀丨丿丕孬,broken
兀賲賵丕噩,broken
兀賷丕賲,broken
兀賳賴丕乇,broken
兀賳賵丕乇,broken
丌乇丕亍,broken
兀孬賵丕亘,broken
兀賳亘丕亍,broken
兀孬賵丕亘,broken
兀亘賵丕亘,broken
兀賵賯丕鬲,broken
兀賵氐丕賮,broken
兀噩丿丕丿,broken
兀毓賲丕賲,broken
兀賰亘丕丿,broken
兀毓賳丕賯,broken
兀賱賵丕賳,broken
兀賯賮丕賱,broken
兀賯丿丕賲,broken
兀賳賴丕乇,broken
兀亘胤丕賱,broken
兀賮賱丕賲,broken
兀賮賵丕賴,broken
兀亘氐丕乇,broken
兀夭賵丕噩,broken
丌匕丕賳,broken
兀賲賵丕鬲,broken
兀爻賲丕亍,broken
兀氐丨丕亘,broken
兀亘賳丕亍,broken
兀賷丕賲,broken
兀賴賵丕亍,broken
亍丕亘丕亍,broken
兀丨賷丕亍,broken
兀賲賵丕賱,broken
兀賳丿丕丿,broken
兀爻亘丕亘,broken
兀毓賲丕賱,broken
兀賱亘丕亘,broken
兀囟毓丕賮,broken
兀賷賲丕賳,broken
兀乇丨丕賲,broken
兀賵賱丕丿,broken
兀毓賳丕亘,broken
兀賳氐丕乇,broken
兀胤賷丕賮,broken
兀亘毓丕丿,broken
兀丨賱丕賲,broken
兀囟丿丕丿,broken
兀乇賯丕賲,broken
兀丿賵丕乇,broken
兀爻賮丕乇,broken
兀氐賮丕乇,broken
兀賵噩丕毓,broken
兀丨賯丕丿,broken
兀卮乇丕乇,broken
兀賱丨丕賳,broken
兀卮賰丕賱,broken
兀賳睾丕賲,broken
兀賵乇丕賯,broken
兀毓卮丕卮,broken
兀賯賵丕爻,broken
兀亘乇丕噩,broken
兀胤亘丕賯,broken
兀卮睾丕賱,broken
兀禺胤丕乇,broken
兀賵夭丕賳,broken
兀卮亘丕賱,broken
兀賵鬲丕乇,broken
兀賯夭丕賲,broken
兀賯賱丕賲,broken
兀賵鬲丕丿,broken
兀賮賳丕賳,broken
兀賯丿丕丨,broken
兀賰賵丕丿,broken
兀爻賷丕噩丕,broken
兀爻賷丕丿,broken
兀毓乇丕賯,broken
兀毓乇丕賮,broken
兀毓乇丕囟,broken
兀乇亘丕毓,broken
兀賱毓丕亘,broken
兀賳賵丕乇,broken
兀睾氐丕賳,broken
兀賰賷丕爻,broken
兀賰賷丕爻,broken
兀亘賵丕亘,broken
丌賲丕賱,broken
兀賳睾丕賲,broken
兀毓賲丕賯,broken
兀賮賱丕賲,broken
兀賯乇丕胤,broken
兀卮亘丕丨,broken
兀賯賮丕賱,broken
兀噩賷丕賱,broken
兀賮賰丕乇,broken
兀卮噩丕乇,broken
兀噩夭丕亍,broken
兀毓賷賳,broken
兀乇噩賱,broken
兀賵噩賴,broken
兀亘丨乇,broken
兀賳賴乇,broken
兀賷丿,broken
兀乇賮賮,broken
兀匕乇毓,broken
兀賱爻賳,broken
兀毓賷賳,broken
兀賳賮爻,broken
兀卮賴乇,broken
兀爻賴賲,broken
兀賷丿賷,broken
兀氐丿賯丕亍,broken
兀胤亘丕亍,broken
兀夭賷丕亍,broken
兀卮丿丕亍,broken
兀毓夭丕亍,broken
兀賯賵賷丕亍,broken
兀賵賱賷丕亍,broken
兀禺賱丕亍,broken
兀鬲賯賷丕亍,broken
兀氐賮賷丕亍,broken
兀匕賰賷丕亍,broken
兀賳賯賷丕亍,broken
兀丨亘丕亍,broken
兀賵賮賷丕亍,broken
兀亘乇賷丕亍,broken
兀睾賳賷丕亍,broken
兀睾亘賷丕亍,broken
兀氐丿賯丕亍,broken
兀卮賯賷丕亍,broken
兀賯乇亘丕亍,broken
兀氐丨丕亍,broken
兀毓囟丕亍,broken
兀禺賮賷丕亍,broken
兀賳丨丕亍,broken
兀丿亘丕亍,broken
兀賵氐賷丕亍,broken
兀爻賵賷丕亍,broken
兀卮乇毓丞,broken
兀乇睾賮丞,broken
兀丿賵賷丞,broken
兀賮卅丿丞,broken
兀噩賳丨丞,broken
兀爻乇丞,broken
兀賯賲氐丞,broken
兀丨氐賳丞,broken
兀睾胤賷丞,broken
兀賵丿賷丞,broken
兀賳爻噩丞,broken
兀賵爻賲丞,broken
兀睾胤賷丞,broken
兀賵毓賷丞,broken
兀爻乇丞,broken
兀卮乇毓丞,broken
兀賴賱丞,broken
兀卮乇胤丞,broken
兀丨匕賷丞,broken
兀乇丿賷丞,broken
兀賯賳毓丞,broken
兀賱爻賳丞,broken
兀胤毓賲丞,broken
兀匕賱丞,broken
兀爻賱丨丞,broken
兀胤毓賲丞,broken
兀乇睾賮丞,broken
兀丨賲乇丞,broken
兀乇丿賷丞,broken
兀賯亘賷丞,broken
兀賴賱丞,broken
兀睾匕賷丞,broken
兀丿賵賷丞,broken
兀賮卅丿丞,broken
兀乇氐賮丞,broken
兀賲孬賱丞,broken
兀卮乇胤丞,broken
兀賯賳毓丞,broken
兀噩賳丨丞,broken
兀丨匕賷丞,broken
兀卮毓丞,broken
兀賵爻賲丞,broken
兀睾賱賮丞,broken
兀噩賵亘丞,broken
兀爻乇丞,broken
兀匕賱丞,broken
兀賱爻賳丞,broken
兀毓賲丿丞,broken
兀賳馗賲丞,broken
兀丨匕賷丞,broken
兀胤亘賯丞,broken
兀毓賲丿丞,broken
鬲賯丕乇賷乇,broken
鬲賲丕孬賷賱,broken
鬲賱丕賲賷匕,broken
鬲毓丕乇賷賮,broken
鬲毓丕亘賷乇,broken
鬲丿丕亘賷乇,broken
鬲噩丕乇亘,broken
鬲賮丕毓賷賱,broken
鬲賮丕氐賷賱,broken
賲丕乇丞,broken
亘囟丕卅毓,broken
乇爻丕卅賱,broken
丨丿丕卅賯,broken
禺乇丕卅胤,broken
夭亘丕卅賳,broken
毓噩丕卅亘,broken
睾乇丕卅亘,broken
丿賱丕卅賱,broken
賳賵丕卅亘,broken
丨氐丕卅乇,broken
賮胤丕卅乇,broken
卮賯丕卅賯,broken
禺乇丕卅胤,broken
賯亘丕卅賱,broken
丨乇丕卅賯,broken
禺夭丕卅賳,broken
賯氐丕卅丿,broken
賵馗丕卅賮,broken
夭亘丕卅賳,broken
毓氐丕卅乇,broken
氐丨丕卅賮,broken
毓噩丕卅夭,broken
卮賲丕卅賱,broken
胤乇丕卅賯,broken
氐丨丕卅賮,broken
丨賲丕卅賱,broken
丨賱丕卅亘,broken
乇爻丕卅賱,broken
匕賵丕卅亘,broken
爻丨丕卅亘,broken
賳鬲丕卅噩,broken
賮乇丕卅爻,broken
氐賮丕卅丨,broken
禺爻丕卅乇,broken
乇噩丕賱,broken
毓賲丕賱,broken
噩亘丕賱,broken
孬賲丕乇,broken
爻賷丕丨,broken
馗賱丕賱,broken
毓馗丕賲,broken
鬲噩丕乇,broken
丨乇丕爻,broken
賲賷丕賴,broken
乇賲丕賱,broken
乇賷丕丨,broken
賱噩丕賳,broken
亘賱丕丿,broken
賯賱丕毓,broken
爻賴丕賲,broken
爻賱丕賱,broken
賰乇丕爻,broken
丨噩丕噩,broken
囟賮丕賮,broken
毓賲丕賱,broken
卮亘丕亘,broken
亘丨丕乇,broken
賰鬲丕亘,broken
夭賵丕乇,broken
夭賲丕賲,broken
賯乇丕亍,broken
賳賵丕賲,broken
賰鬲丕亘,broken
氐賵丕賲,broken
噩賲丕賱,broken
乇賲丕丨,broken
匕卅丕亘,broken
馗乇丕賮,broken
賰乇丕賲,broken
睾囟丕亘,broken
毓胤丕卮,broken
賰賮丕乇,broken
丨賰丕賲,broken
乇噩丕賱,broken
丿賷丕乇,broken
毓馗丕賲,broken
乇賷丕丨,broken
毓亘丕丿,broken
丿賲丕亍,broken
馗賱丕賱,broken
噩亘丕賱,broken
睾乇丕爻,broken
禺氐丕賱,broken
丨爻丕賳,broken
爻亘丕毓,broken
乇丨丕賱,broken
爻賱丕賱,broken
賵氐丕賱,broken
賲丨丕賱,broken
賳爻丕亍,broken
乇賲丕賱,broken
亘丨丕乇,broken
丨乇丕爻,broken
毓賲丕賱,broken
賰賱丕亘,broken
匕亘丕亘,broken
睾賲丕乇,broken
毓噩丕賱,broken
賳賯丕胤,broken
卮賮丕賴,broken
孬賲丕乇,broken
乇賰丕亘,broken
馗亘丕亍,broken
丨噩丕乇丞,broken
乇丨丕賱丞,broken
亘丨丕乇丞,broken
爻賱丕爻賱,broken
爻賳丕亘賱,broken
噩丿丕賵賱,broken
氐賳丕丿賱,broken
賱丌賱卅,broken
丿乇丕賴賲,broken
亘賳丕丿賯,broken
夭禺丕乇賮,broken
爻賱丕賱賲,broken
亘乇丕孬賳,broken
噩毓丕賮乇,broken
噩丨丕賮賱,broken
爻賳丕亘賱,broken
丿乇丕賴賲,broken
夭賱丕夭賱,broken
爻賮丕乇噩,broken
爻賱丕賱賲,broken
丿賮丕鬲乇,broken
賮賱丕爻賮丞,broken
賯囟丕賷丕,broken
賴丿丕賷丕,broken
乇夭丕賷丕,broken
賵氐丕賷丕,broken
丿毓丕賵賶,broken
爻賰丕乇賶,broken
毓匕丕乇賶,broken
賰爻丕賱賶,broken
賷鬲丕賲賶侔,broken
亘賯丕賷丕,broken
夭賵丕賷丕,broken
賱賷丕賱賷,broken
氐丨丕乇賶,broken
亘乇丕乇賷,broken
爻丨丕賱賷,broken
氐丨丕乇賷,broken
賰乇丕爻賷,broken
兀賴丕賱賷,broken
賲乇丕毓賷,broken
亘乇丕乇賷,broken
氐賳丕丿賷賯,broken
噩賲丕賴賷乇,broken
夭賳丕夭賷賳,broken
卮亘丕亘賷賰,broken
毓氐丕賮賷乇,broken
亘乇丕賲賷賱,broken
卮乇丕賷賷賳,broken
賯賳丕丿賷賱,broken
卮亘丕亘賷賰,broken
爻賰丕賰賷賳,broken
噩賷乇丕賳,broken
毓乇丕賯賷賱,broken
爻乇丕賵賷賱,broken
禺賳丕夭賷乇,broken
兀亘丕乇賷賯,broken
丿亘丕亘賷乇,broken
丿亘丕亘賷爻,broken
亘乇丕賰賷賳,broken
毓氐丕賮賷乇,broken
亘乇丕賰賷賳,broken
丿賵丕賵賷賳,broken
亘乇丕賲賷賱,broken
亘胤丕乇賷賯,broken
賮爻丕鬲賷賳,broken
賰鬲亘,broken
賯氐氐,broken
爻賮賳,broken
卮毓賱,broken
氐賵乇,broken
爻亘賱,broken
氐丨賮,broken
賮噩乇,broken
乇爻賱,broken
胤乇賯,broken
賲丿賳,broken
丨氐賳,broken
氐賵乇,broken
噩夭乇,broken
丿賵賱,broken
賯賲賲,broken
氐丨賮,broken
亘丿賵,broken
噩孬孬,broken
賵乇卮,broken
賮乇賯,broken
賯胤胤,broken
爻丨亘,broken
賲丐賳,broken
睾乇賮,broken
毓賲丿,broken
爻乇乇,broken
睾乇賮,broken
氐睾乇,broken
賰亘乇,broken
噩賲毓,broken
丨噩噩,broken
賰爻乇,broken
亘丿毓,broken
氐賲,broken
亘賰賲,broken
毓賲賷,broken
睾賱賮,broken
賮賱賰,broken
馗賱賱,broken
兀禺乇,broken
爻噩丿,broken
乇賰毓,broken
賳毓賲,broken
爻賵乇,broken
毓賯丿,broken
賯乇亘,broken
丿乇乇,broken
爻亘賱,broken
噩賲賱,broken
丨賮乇,broken
賮乇氐,broken
賯乇賶,broken
卮賴亘,broken
氐丨賮,broken
乇鬲亘,broken
賯氐氐,broken
賳氐亘,broken
賳馗賲,broken
賯胤胤,broken
兀賲賲,broken
兀賲賲,broken
賯胤毓,broken
毓賱亘,broken
爻賵丿,broken
兀爻丿,broken
毓賱賲丕亍,broken
夭毓賲丕亍,broken
禺胤亘丕亍,broken
亘賱丿丕賳,broken
兀丿亘丕亍,broken
賯乇丕亍,broken
兀賲乇丕亍,broken
爻賮乇丕亍,broken
夭賲賱丕亍,broken
賰乇賲丕亍,broken
噩賱爻丕亍,broken
馗乇賮丕亍,broken
賳丿賲丕亍,broken
毓賯賱丕亍,broken
卮毓乇丕亍,broken
囟毓賮丕亍,broken
爻賮賴丕亍,broken
賮賯乇丕亍,broken
卮毓乇丕亍,broken
兀賲賳丕亍,broken
禺乇賮丕賳,broken
氐亘賷丕賳,broken
丨賷鬲丕賳,broken
噩丿乇丕賳,broken
睾賱賲丕賳,broken
賮鬲賷丕賳,broken
賮乇爻丕賳,broken
賵丿賷丕賳,broken
睾乇亘丕賳,broken
賯賷毓丕賳,broken
丨賷鬲丕賳,broken
噩乇匕丕賳,broken
丨賷胤丕賳,broken
廿禺賵丕賳,broken
睾夭賱丕賳,broken
禺乇賮丕賳,broken
亘賱丿丕賳,broken
賰孬亘丕賳,broken
賯囟亘丕賳,broken
乇賰亘丕賳,broken
匕賰乇丕賳,broken
賮卅乇丕賳,broken
胤賴丕丞,broken
賮鬲賷丞,broken
睾賱賲丞,broken
賰鬲亘丞,broken
爻丨乇丞,broken
亘乇乇丞,broken
賰賲賱丞,broken
丿亘亘丞,broken
賯乇丿丞,broken
賮賷賱丞,broken
噩乇丨賶,broken
兀爻乇賶,broken
丿賲賶,broken
氐乇毓賶,broken
賯鬲賱賶,broken
噩乇丨賶,broken
兀爻乇賶,broken
賴賱賰賶,broken
賲賵鬲賶,broken
丨賲賯賶,broken
睾乇賯賶,broken
賲乇囟賶,broken
賲乇囟賶,broken
胤賷賵乇,broken
亘賷賵鬲,broken
囟賷賵賮,broken
丨賯賵賱,broken
賲賱賵賰,broken
夭賴賵乇,broken
睾氐賵賳,broken
賵乇賵丿,broken
睾氐賵賳,broken
卮噩賵賳,broken
丨乇賵賮,broken
丿乇賵亘,broken
賯賱賵亘,broken
賮氐賵賱,broken
噩爻賵乇,broken
乇賮賵賮,broken
賳噩賵賲,broken
賳賯賵卮,broken
丿乇賵亘,broken
噩賳賵丿,broken
賰賳賵夭,broken
爻胤賵丨,broken
賯氐賵乇,broken
夭乇賵毓,broken
毓賱賵賲,broken
賵乇賵丿,broken
賯氐賵丿,broken
毓氐賵乇,broken
賵噩賵賴,broken
爻賷賵賮,broken
亘匕賵乇,broken
噩匕賵毓,broken
亘丨賵乇,broken
爻賴賵賱,broken
兀爻賵丿,broken
丨丿賵丿,broken
丨乇賵賮,broken
丿乇賵爻,broken
丨賱賵賱,broken
卮賴賵丿,broken
丨賯賵賯,broken
丿賵乇,broken
丨氐賵賳,broken
氐禺賵乇,broken
睾賷賵賲,broken
爻賷賵賮,broken
賰丐賵爻,broken
禺胤賵胤,broken
卮賲賵毓,broken
爻丿賵丿,broken
鬲乇賵爻,broken
丿乇賵毓,broken
賵噩賵賴,broken
賳賯賵卮,broken
賵賮賵丿,broken
丨丿賵丿,broken
孬賱賵噩,broken
賮賳賵賳,broken
毓乇賵囟,broken
氐賮賵賮,broken
禺賷賵賱,broken
賮賳賵賳,broken
賳賲賵乇,broken
毓賷賵賳,broken
孬賱賵噩,broken
賰毓賵亘,broken
囟乇賵爻,broken
噩賳賵丿,broken
卮噩賵賳,broken
匕賰賵乇,broken
丨乇賵亘,broken
賯乇賵亍,broken
丨丿賵丿,broken
賵噩賵賴,broken
亘賷賵鬲,broken
亘胤賵賳,broken
賯賱賵亘,broken
毓乇賵卮,broken
亘毓賵賱,broken
兀賱賵賮,broken
毓乇賵囟,broken
賮氐賵賱,broken
丿乇賵爻,broken
賯乇賵囟,broken
卮乇賵胤,broken
毓賯賵賱,broken
爻胤賵丨,broken
賳賮賵爻,broken
馗乇賵賮,broken
毓賱賵賲,broken
毓胤賵乇,broken
氐賳賵賮,broken
囟賷賵賮,broken
丿乇賵亘,broken
賯丿賵乇,broken
氐賯賵乇,broken
禺賷賵賱,broken
丿賷賵賳,broken
胤賷賵賮,broken
賳賯賵丿,broken
賳噩賵賲,broken
爻胤賵乇,broken
賮賳賵賳,broken
睾氐賵賳,broken
兀氐賵賱,broken
丨乇賵賮,broken
乇鬲賵毓,broken
亘賷賵囟,broken
胤乇賵丨,broken
爻賷賵賮,broken
丌爻賵丿,broken
禺胤賵胤,broken
噩爻賵乇,broken
胤亘賵賱,broken
亘賳賵賰,broken
賱丨賵賲,broken
賱氐賵氐,broken
賳爻賵乇,broken
氐賯賵乇,broken
夭賷賵鬲,broken
乇賮賵賮,broken
毓賴賵丿,broken
賮賴賵丿,broken
睾賷賵賲,broken
丨賵丕丿孬,broken
卮賵丕乇毓,broken
賰賵丕賰亘,broken
賯賵丕毓丿,broken
賮賵丕卅丿,broken
賮賵丕囟丨,broken
毓賵丕賱賲,broken
噩賵丕卅夭,broken
氐賵丕毓賯,broken
賯賵丕賮賱,broken
卮賵丕胤卅,broken
賱賵丕卅丨,broken
噩賵丕乇亘,broken
丨賵丕噩夭,broken
禺賵丕鬲賲,broken
賳賵丕賮匕,broken
賮賵丕賰賴,broken
賯賵丕乇亘,broken
賳賵丕氐亘,broken
賰賵丕匕亘,broken
噩賵丕賴乇,broken
賰賵丕孬乇,broken
禺賵丕乇賯,broken
夭賵丕亘毓,broken
氐賵丕賲毓,broken
賮賵丕囟賱,broken
夭賵丕賲賱,broken
丿賵丕卅乇,broken
氐賵丕賴賱,broken
卮賵丕賴賯,broken
丨賵丕卅囟,broken
胤賵丕賱賯,broken
賯賵丕賱亘,broken
禺賵丕鬲賲,broken
氐賵丕毓賯,broken
禺賵丕賱丿,broken
噩賵丕賱丿,broken
爻賵丕賱亘,broken
賮賵丕賱丿,broken
丿賵丕賱亘,broken
賯賵丕賱丿,broken
丨賵丕卅胤,broken
夭賵丕乇賯,broken
賳賵丕丿賷,broken
氐賵丕乇賷,broken
賮賵丕賳賷爻,broken
賯賵丕賳賷賳,broken
氐賵丕乇賷禺,broken
賲胤丕毓賲,broken
賲賵丕爻賲,broken
賲賳丕亘毓,broken
賲亘丕賳賷,broken
賲鬲丕噩乇,broken
賲賵丕賯丿,broken
賲丨丕賰賲,broken
賲賲丕賱賰,broken
賲丨丕噩乇,broken
賲毓丕胤賮,broken
賲匕丕賴亘,broken
賲賮丕鬲賳,broken
賲賳丕賴賱,broken
賲卮丕乇亘,broken
賲賴丕賱賰,broken
賲卮丕噩亘,broken
賲賯丕亘乇,broken
賲賳丕氐亘,broken
賲賳丕賮匕,broken
賲卮丕睾賱,broken
賲爻丕噩丿,broken
賲賳丕亘鬲,broken
賲賮丕乇賯,broken
賲賮丕禺乇,broken
賲賰丕鬲亘,broken
賲賳丕胤賯,broken
賲賰丕爻亘,broken
賲賯丕爻賲,broken
賲賳丕氐丨,broken
賲爻丕賰賳,broken
賲爻丕賱賰,broken
賲賯丕亘囟,broken
賲賳丕氐乇,broken
賲毓丕賴丿,broken
賲噩丕賲毓,broken
賲賯丕毓丿,broken
賲丨丕賮賱,broken
賲賳丕噩賱,broken
賲乇丕賮賯,broken
賲丨丕賰賲,broken
賲賯丕亘乇,broken
賲賳丕賴噩,broken
賲睾丕乇爻,broken
賲賳丕賮爻,broken
賲賳丕賯亘,broken
賲乇丕賮卅,broken
賲賮丕鬲丨,broken
賲賳丕賰亘,broken
賲夭丕賱噩,broken
賲賮丕乇丿,broken
賲賰丕爻乇,broken
賲賳丕氐毓,broken
賲卮丕鬲賱,broken
賲賯丕乇亘,broken
賲賯丕爻丿,broken
賲賳丕賮乇,broken
賲賰丕賷丿,broken
賲氐丕丿乇,broken
賲賵丕丿,broken
賲禺丕賵賮,broken
賲毓丕賴丿,broken
賲賵丕賯毓,broken
賲夭丕乇毓,broken
賲夭丕賷丕,broken
賲賵丕賳卅,broken
賲賱丕毓亘,broken
賲毓丕乇賰,broken
賲乇丕賮卅,broken
賲禺丕亘卅,broken
賲丿丕卅賳,broken
賲氐丕卅亘,broken
賲賵丕乇丿,broken
賲爻丕胤乇,broken
賲睾丕賳賷,broken
賲爻丕賱賰,broken
賲氐丕毓丿,broken
賲丨丕賮賱,broken
賲丨丕乇賯,broken
賲卮丕毓賱,broken
賲禺丕夭賳,broken
賲乇丕氐丿,broken
賲乇丕鬲亘,broken
賲毓丕噩賲,broken
賲賯丕氐丿,broken
賲賱丕毓賯,broken
賲胤丕乇賯,broken
賲乇丕賷丕,broken
賲賮丕氐賱,broken
賲禺丕丿毓,broken
賲馗丕賱,broken
賲賳丕胤賯,broken
賲賳丕馗乇,broken
賲賱丕亘爻,broken
賲胤丕毓賲,broken
賲乇丕毓賷,broken
賲乇丕丨賱,broken
賲毓丕胤賮,broken
賲丿丕乇爻,broken
賲爻丕卅賱,broken
賲夭丕乇毓,broken
賲賱丕噩卅,broken
賲乇丕噩毓,broken
賲賱丕丨賯,broken
賲賳丕夭賱,broken
賲毓丕乇囟,broken
賲乇丕賮賯,broken
賲睾丕乇亘,broken
賲爻丕賳丿,broken
賲爻丕亘丨,broken
賲氐丕丨賮,broken
賲賰丕鬲亘,broken
賲賰丕爻亘,broken
賲毓丕乇囟,broken
賲賱丕毓賯,broken
賲氐丕賳毓,broken
賲胤丕毓賲,broken
賲卮丕乇亘,broken
賲爻丕乇丨,broken
賲氐丕卅丿,broken
賲睾丕夭賱,broken
賲賮丕乇賯,broken
賲丨丕噩乇,broken
賲丌乇亘,broken
賲賵丕賯丿,broken
賲丿丕卅賳,broken
賲丿丕禺賱,broken
賲賳丕賴賱,broken
賲禺丕乇噩,broken
賲賯丕亘乇,broken
賲賳丕賮毓,broken
賲氐丕賷賮,broken
賲賯丕氐丿,broken
賲賮丕鬲賳,broken
賲丨丕亘爻,broken
賲賳丕噩賲,broken
賲禺丕夭賳,broken
賲乇丕爻賲,broken
賲胤丕賱毓,broken
賲乇丕氐丿,broken
賲卮丕乇賯,broken
賲賯丕賱亘,broken
賲睾丕賳胤,broken
賲氐丕乇賮,broken
賲匕丕賴亘,broken
賲噩丕賱爻,broken
賲賱丕亘爻,broken
賲馗丕賴乇,broken
賲賯丕賱賷,broken
賲禺丕亘夭,broken
賲睾丕爻賱,broken
賲胤丕乇賯,broken
賲賱丕亘爻,broken
賲賵丕賯毓,broken
賲爻丕賲毓,broken
賲胤丕乇丨,broken
賲賰丕亘爻,broken
賲丌匕賳,broken
賲乇丕賵丨,broken
賲丿丕乇爻,broken
賲鬲丕丨賮,broken
賲爻丕噩丿,broken
賲毓丕亘丿,broken
賲賱丕毓賯,broken
賲氐丕賳毓,broken
賲賳丕夭賱,broken
賲毓丕乇囟,broken
賲賰丕鬲亘,broken
賲丨丕賰賲,broken
賲爻丕乇丨,broken
賲禺丕乇噩,broken
賲賱丕噩卅,broken
賲禺丕亘乇,broken
賲乇丕賰亘,broken
賲賮丕乇卮,broken
賲睾丕乇賮,broken
賲乇丕賰夭,broken
賲賱丕卅賰丞,broken
賲賵丕卮賷,broken
賲賷丕丿賷賳,broken
賲噩丕賳賷賳,broken
賲卮丕乇賷毓,broken
毓賳丕賵賷賳,broken
賲氐丕亘賷丨,broken
賲賯丕賱賷丿,broken
賲賳丕亘賷毓,broken
賲賳丕丿賷賱,broken
賲賮丕鬲賷丨,broken
賲賰丕鬲賷亘,broken
賲丨丕乇賷賯,broken
賲爻丕噩賷賳,broken
賲卮丕乇賷毓,broken
賲賳丕賴賷乇,broken
賲丨丕氐賷賱,broken
賲乇丕爻賷賱,broken
賲爻丕賲賷乇,broken
賲丨丕乇賷亘,broken
賲賮丕鬲賷丨,broken
賲丨丕乇賷亘,broken
賲賰丕鬲賷亘,broken
賲賵丕賯賷鬲,broken
賲賷丕丿賷賳,broken
賲毓丕賷賷乇,broken
賲賵丕囟賷毓,broken
賲夭丕賲賷乇,broken
賲胤丕毓賷賳,broken
賲氐丕乇賷賮,broken
賲丿丕賷賷賳,broken
賲丌賳賷孬,broken
賲禺丕賱賷亘,broken
賲爻丕賰賷賳,broken
賲氐丕亘賷丨,broken
賲爻丕賲賷乇,broken
賲賮丕鬲賷丨,broken
賲賳丕馗賷乇,broken
賲胤丕賲賷乇,broken
賲丨丕氐賷賱,broken
賲毓丕噩賷賳,broken
賲乇丕亘賷毓,broken
賲乇丕爻賷賱,broken
賲賰丕丨賷賱,broken
賲賳丕噩賷丿,broken
賲賯丕亘賷爻,broken
賲丿丕賲賷賰,broken
賲賳丕卮賷乇,broken
賲賳丕丿賷賱,broken
賲賵丕囟賷毓,broken
賲噩丕賴賷賱,broken
賲囟丕賲賷賳,broken
賲卮丕賴賷乇,broken
賲噩丕賳賷賳,broken
賲賮丕毓賷賱,broken
賲賯丕賷賷爻,broken
賲氐丕毓賷亘,broken
賲爻丕胤賷乇,broken
賲賳丕賯賷乇,broken
賲丨丕乇賷亘,broken
賰丕鬲亘賵賳,sound_masculine
氐丕丿賯賵賳,sound_masculine
賱丕毓亘賵賳,sound_masculine
賲毓賱賲賵賳,sound_masculine
賲丿乇亘賵賳,sound_masculine
賲賳馗賲賵賳,sound_masculine
賲爻丕毓丿賵賳,sound_masculine
賲卮丕乇賰賵賳,sound_masculine
賳丕噩丨賵賳,sound_masculine
賮丕卅夭賵賳,sound_masculine
毓丕亘丿賵賳,sound_masculine
毓丕賯賱賵賳,sound_masculine
賳丕禺亘賵賳,sound_masculine
亘丕卅毓賵賳,sound_masculine
丿丕乇爻賵賳,sound_masculine
賲噩鬲賴丿賵賳,sound_masculine
賲鬲賮賰乇賵賳,sound_masculine
賲鬲爻丕亘賯賵賳,sound_masculine
賲鬲胤賵毓賵賳,sound_masculine
賲鬲賲賰賳賵賳,sound_masculine
賲亘乇賲噩賵賳,sound_masculine
賲賴賳丿爻賵賳,sound_masculine
丨乇賮賷賵賳,sound_masculine
氐丨賮賷賵賳,sound_masculine
賮賱丕丨賵賳,sound_masculine
乇丨丕賱賵賳,sound_masculine
賲丨丕賲賵賳,sound_masculine
賲丿乇爻賵賳,sound_masculine
賲丐乇禺賵賳,sound_masculine
賲夭丕乇毓賵賳,sound_masculine
賳噩丕乇賵賳,sound_masculine
乇丕卅丿賵賳,sound_masculine
噩睾乇丕賮賷賵賳,sound_masculine
賲丨賱賱賵賳,sound_masculine
賲爻丕賮乇賵賳,sound_masculine
賲爻丕毓丿賵賳,sound_masculine
賲爻鬲卮丕乇賵賳,sound_masculine
賱睾賵賷賵賳,sound_masculine
賲丿乇亘賵賳,sound_masculine
賲賲孬賱賵賳,sound_masculine
爻丕卅賯賵賳,sound_masculine
賲丨賰賲賵賳,sound_masculine
賲爻丐賵賱賵賳,sound_masculine
乇丕毓賵賳,sound_masculine
賳丕卮胤賵賳,sound_masculine
賲氐賵乇賵賳,sound_masculine
乇賷丕囟賷賵賳,sound_masculine
賲毓賱賲賵賳,sound_masculine
賲毓丕賱噩賵賳,sound_masculine
賲鬲爻丕亘賯賵賳,sound_masculine
賲賵馗賮賵賳,sound_masculine
賳丕禺亘賵賳,sound_masculine
胤賷丕乇賵賳,sound_masculine
噩乇丕丨賵賳,sound_masculine
賲丨丕乇亘賵賳,sound_masculine
賮丕毓賱賵賳,sound_masculine
賲賮賰乇賵賳,sound_masculine
賲噩丕賴丿賵賳,sound_masculine
賲丨丕賮馗賵賳,sound_masculine
賯鬲丕賱賵賳,sound_masculine
賲氐賱丨賵賳,sound_masculine
賲丐賲賳賵賳,sound_masculine
爻丕賴乇賵賳,sound_masculine
賲噩鬲賴丿賵賳,sound_masculine
賲爻賱賲賵賳,sound_masculine
毓丕賲賱賵賳,sound_masculine
賲丨丕囟乇賵賳,sound_masculine
乇丕卅毓賵賳,sound_masculine
賲賴鬲賲賵賳,sound_masculine
賰丕鬲亘賵賳,sound_masculine
胤賷亘賵賳,sound_masculine
賱丕毓亘賵賳,sound_masculine
氐丕丿賯賵賳,sound_masculine
賮丕卅夭賵賳,sound_masculine
賳丕噩丨賵賳,sound_masculine
毓丕亘丿賵賳,sound_masculine
賲鬲賯賳賵賳,sound_masculine
賲丕賴乇賵賳,sound_masculine
賲禺賱氐賵賳,sound_masculine
賲亘丿毓賵賳,sound_masculine
胤賵賷賱賵賳,sound_masculine
賯氐賷乇賵賳,sound_masculine
賲丨鬲乇賮賵賳,sound_masculine
賮胤賳賵賳,sound_masculine
賴丕丿卅賵賳,sound_masculine
賲鬲毓丕賵賳賵賳,sound_masculine
丨乇氐賵賳,sound_masculine
賲亘鬲賰乇賵賳,sound_masculine
毓丕丿賱賵賳,sound_masculine
賲氐賱丨賵賳,sound_masculine
賲丨亘賵賳,sound_masculine
賲鬲兀賱賯賵賳,sound_masculine
亘丕乇毓賵賳,sound_masculine
賲卮丕乇賰賵賳,sound_masculine
賲鬲賲賰賳賵賳,sound_masculine
亘丕卅毓賵賳,sound_masculine
乇丕噩毓賵賳,sound_masculine
賳丕亘睾賵賳,sound_masculine
賲丕爻丨賵賳,sound_masculine
丨丕卅乇賵賳,sound_masculine
賲毓鬲賲乇賵賳,sound_masculine
賲鬲賵賰賱賵賳,sound_masculine
賲毓鬲賲丿賵賳,sound_masculine
賲噩亘乇賵賳,sound_masculine
賲賯鬲賵賱賵賳,sound_masculine
賲胤賱賯賵賳,sound_masculine
丨丕賮馗賵賳,sound_masculine
賲爻賵乇賵賳,sound_masculine
賲賳賰賵亘賵賳,sound_masculine
爻丕噩丿賵賳,sound_masculine
賲丨賲賱賵賳,sound_masculine
賲毓鬲賯賱賵賳,sound_masculine
賲囟胤乇亘賵賳,sound_masculine
賲丐匕賳賵賳,sound_masculine
爻噩丕賳賵賳,sound_masculine
賲兀爻賵乇賵賳,sound_masculine
賲賰爻賵乇賵賳,sound_masculine
賲賳氐賵乇賵賳,sound_masculine
禺賷丕胤賵賳,sound_masculine
丌賰賱賵賳,sound_masculine
噩丕賲毓賵賳,sound_masculine
丿丕乇爻賵賳,sound_masculine
乇丕賰毓賵賳,sound_masculine
鬲丕卅亘賵賳,sound_masculine
丨丕賲丿賵賳,sound_masculine
賲鬲賮賰乇賵賳,sound_masculine
爻丕卅賱賵賳,sound_masculine
噩丕賱爻賵賳,sound_masculine
丨丿丕丿賵賳,sound_masculine
禺亘丕夭賵賳,sound_masculine
毓丕賯賱賵賳,sound_masculine
匕丕賰乇賵賳,sound_masculine
夭丕賴丿賵賳,sound_masculine
賲賲乇囟賵賳,sound_masculine
噩丕賴丿賵賳,sound_masculine
卮丕鬲賲賵賳,sound_masculine
丨丕賯丿賵賳,sound_masculine
賴噩賷賳賵賳,sound_masculine
賲賵賯賳賵賳,sound_masculine
爻賲賷賳賵賳,sound_masculine
禺亘賷孬賵賳,sound_masculine
賲鬲胤賵毓賵賳,sound_masculine
賲丨鬲丕噩賵賳,sound_masculine
賲匕毓賵乇賵賳,sound_masculine
睾丕囟亘賵賳,sound_masculine
毓噩賱丕賳賵賳,sound_masculine
胤賲丕毓賵賳,sound_masculine
賲鬲禺丕匕賱賵賳,sound_masculine
賲鬲噩丕賴賱賵賳,sound_masculine
夭丕卅乇賵賳,sound_masculine
卮丕乇亘賵賳,sound_masculine
賲乇鬲噩賱賵賳,sound_masculine
賲賳丕丿賵賳,sound_masculine
賲毓鬲丿賵賳,sound_masculine
丿丕毓賵賳,sound_masculine
賲鬲丨賲爻賵賳,sound_masculine
賲卮噩毓賵賳,sound_masculine
賲鬲賴賲賵賳,sound_masculine
賰丕馗賲賵賳,sound_masculine
毓丕賮賵賳,sound_masculine
賲丨爻賳賵賳,sound_masculine
賲賰匕亘賵賳,sound_masculine
馗丕賱賲賵賳,sound_masculine
賲爻丕賱賲賵賳,sound_masculine
賲賴鬲丿賵賳,sound_masculine
噩丕賴賱賵賳,sound_masculine
賵丕卮賵賳,sound_masculine
賳亘賷賵賳,sound_masculine
賲鬲氐丿賯賵賳,sound_masculine
賲氐乇賮賷賵賳,sound_masculine
賲賵丕胤賳賷賳,sound_masculine
丨丕囟乇賷賳,sound_masculine
賲爻鬲賲毓賷賳,sound_masculine
賲爻鬲賲鬲毓賷賳,sound_masculine
賲丿賳賷賷賳,sound_masculine
賲丿賷賳賷賳,sound_masculine
睾丕亘乇賷賳,sound_masculine
賲丿賲賳賷賳,sound_masculine
賲賳鬲亘賴賷賳,sound_masculine
賲亘丕丿乇賷賳,sound_masculine
賲賳匕乇賷賳,sound_masculine
賲賳賯匕賷賳,sound_masculine
氐丕亘乇賷賳,sound_masculine
賲鬲丨丿賷賳,sound_masculine
賲毓鬲賳賷賳,sound_masculine
賲乇丕賯亘賷賳,sound_masculine
賲亘噩賱賷賳,sound_masculine
賲鬲亘乇毓賷賳,sound_masculine
賲丿丕賮毓賷賳,sound_masculine
賲鬲賮賵賯賷賳,sound_masculine
賲賳鬲馗乇賷賳,sound_masculine
氐丕亘卅賷賳,sound_masculine
禺丕爻卅賷賳,sound_masculine
禺丕爻乇賷賳,sound_masculine
賲鬲賯賷賳,sound_masculine
賳丕馗乇賷賳,sound_masculine
兀賲賷賷賳,sound_masculine
賲毓乇囟賷賳,sound_masculine
卮丕賴丿賷賳,sound_masculine
賲卮乇賰賷賳,sound_masculine
賰丕賮乇賷賳,sound_masculine
賰丕匕亘賷賳,sound_masculine
胤丕卅賮賷賳,sound_masculine
賯丕賳鬲賷賳,sound_masculine
毓丕賰賮賷賳,sound_masculine
賲賱丨丿賷賳,sound_masculine
賲氐胤賮賷賳,sound_masculine
氐丕賱丨賷賳,sound_masculine
丨賳賷賮賷賳,sound_masculine
賲禺賱氐賷賳,sound_masculine
毓丕乇賮賷賳,sound_masculine
賲賲鬲乇賷賳,sound_masculine
賯丕丿乇賷賳,sound_masculine
卮丕賰乇賷賳,sound_masculine
爻丕禺乇賷賳,sound_masculine
賲爻鬲賴夭卅賷賳,sound_masculine
賯乇賷亘賷賳,sound_masculine
賲賯乇亘賷賳,sound_masculine
亘毓賷丿賷賳,sound_masculine
兀賵賱賷賳,sound_masculine
丌禺乇賷賳,sound_masculine
鬲丕亘毓賷賳,sound_masculine
賮丕囟賱賷賳,sound_masculine
睾丕氐亘賷賳,sound_masculine
賲丨鬲賱賷賳,sound_masculine
馗丕賱賲賷賳,sound_masculine
賯丕賴乇賷賳,sound_masculine
氐丕乇賲賷賳,sound_masculine
爻丕乇賯賷賳,sound_masculine
卮丕乇亘賷賳,sound_masculine
賮賳丕賳賷賳,sound_masculine
丨爻丕爻賷賳,sound_masculine
胤賲賵丨賷賳,sound_masculine
賲鬲丨賲爻賷賳,sound_masculine
爻丕賲毓賷賳,sound_masculine
睾囟亘丕賳賷賳,sound_masculine
毓噩賱丕賳賷賳,sound_masculine
賳毓丕爻賷賳,sound_masculine
胤賲丕毓賷賳,sound_masculine
賲賰爻賵乇賷賳,sound_masculine
乇賷丕囟賷賷賳,sound_masculine
噩睾乇丕賮賷賷賳,sound_masculine
賮賳賷賷賳,sound_masculine
賲丐乇禺賷賳,sound_masculine
賲爻丕賮乇賷賳,sound_masculine
賲噩亘乇賷賳,sound_masculine
賲賯鬲賵賱賷賳,sound_masculine
賲丨賲賵賱賷賳,sound_masculine
賲賳賰賵亘賷賳,sound_masculine
賲兀爻賵乇賷賳,sound_masculine
賲爻乇賵乇賷賳,sound_masculine
丨夭賷賳賷賳,sound_masculine
賲匕毓賵乇賷賳,sound_masculine
賲鬲禺丕匕賱賷賳,sound_masculine
賲賴鬲賲賷賳,sound_masculine
賲囟胤乇亘賷賳,sound_masculine
賲毓鬲賯賱賷賳,sound_masculine
賲胤賱賯賷賳,sound_masculine
賲丨鬲丕噩賷賳,sound_masculine
賲丨賰賵賲賷賳,sound_masculine
賯丕鬲賱賷賳,sound_masculine
賲毓賲乇賷賳,sound_masculine
賲鬲賴賲賷賳,sound_masculine
賲賵馗賮賷賳,sound_masculine
賲鬲爻丕亘賯賷賳,sound_masculine
賲氐賱丨賷賳,sound_masculine
賲亘丿毓賷賳,sound_masculine
賲鬲毓丕賵賳賷賳,sound_masculine
賲爻賷卅賷賳,sound_masculine
賲爻乇賮賷賳,sound_masculine
賲賮賱丨賷賳,sound_masculine
賮丕爻賯賷賳,sound_masculine
賲賳丕賮賯賷賳,sound_masculine
賲鬲噩丕賮賷賳,sound_masculine
賲鬲丨丕亘賷賳,sound_masculine
賲鬲賳丕夭毓賷賳,sound_masculine
賲鬲爻丕賲丨賷賳,sound_masculine
賲鬲亘丕賰賷賳,sound_masculine
賲鬲賵丕氐賱賷賳,sound_masculine
賲鬲氐丕賮賷賳,sound_masculine
賲鬲卮丕賵乇賷賳,sound_masculine
賲鬲亘鬲賱賷賳,sound_masculine
賲鬲爻丕賲丨賷賳,sound_masculine
賲賯爻胤賷賳,sound_masculine
賲爻賵賮賷賳,sound_masculine
賲鬲賯丕爻賲賷賳,sound_masculine
賲鬲賮丕毓賱賷賳,sound_masculine
賲鬲賮丕卅賱賷賳,sound_masculine
賲鬲賯丕鬲賱賷賳,sound_masculine
賲鬲爻丕賴賱賷賳,sound_masculine
乇丕賯氐賷賳,sound_masculine
胤亘丕賱賷賳,sound_masculine
賲睾賳賷賳,sound_masculine
賲賳馗賲賷賳,sound_masculine
賲賳馗賮賷賳,sound_masculine
禺丿丕賲賷賳,sound_masculine
兀丨賲丿賷賳,sound_masculine
賲鬲胤賴乇賷賳,sound_masculine
禺丕卮毓賷賳,sound_masculine
賲鬲乇丕丨賲賷賳,sound_masculine
賲鬲毓丕賯丿賷賳,sound_masculine
賲鬲爻丕賲乇賷賳,sound_masculine
賲鬲賵丕氐賱賷賳,sound_masculine
賯丕爻賲賷賳,sound_masculine
賯丕乇毓賷賳,sound_masculine
胤丕賱毓賷賳,sound_masculine
賳丕夭賱賷賳,sound_masculine
睾丕卮賲賷賳,sound_masculine
賰丕爻乇賷賳,sound_masculine
賲鬲爻丕乇毓賷賳,sound_masculine
賲鬲賵丕囟毓賷賳,sound_masculine
賲鬲賰亘乇賷賳,sound_masculine
賲鬲丨乇乇賷賳,sound_masculine
賲賵爻毓賷賳,sound_masculine
賲賳爻賯賷賳,sound_masculine
賯丕卅賲賷賳,sound_masculine
丨丕夭賲賷賳,sound_masculine
噩丕夭賲賷賳,sound_masculine
賲賳賮賯賷賳,sound_masculine
賲賯丕亘賱賷賳,sound_masculine
胤丕賱亘丕鬲,sound_feminine
胤亘賷亘丕鬲,sound_feminine
賲毓賱賲丕鬲,sound_feminine
丨爻賳丕鬲,sound_feminine
賮賳丕賳丕鬲,sound_feminine
賲丐乇禺丕鬲,sound_feminine
賲賴賳丿爻丕鬲,sound_feminine
賲鬲乇噩賲丕鬲,sound_feminine
胤丕賴賷丕鬲,sound_feminine
乇賷丕囟賷丕鬲,sound_feminine
賰丕鬲亘丕鬲,sound_feminine
賲丿乇亘丕鬲,sound_feminine
夭賴乇丕鬲,sound_feminine
賲賵爻賷賯賷丕鬲,sound_feminine
賲氐賲賲丕鬲,sound_feminine
毓丿丕亍丕鬲,sound_feminine
亘丕丨孬丕鬲,sound_feminine
賲丿賷乇丕鬲,sound_feminine
氐丨賮賷丕鬲,sound_feminine
爻亘丕丨丕鬲,sound_feminine
卮丕毓乇丕鬲,sound_feminine
賲亘丿毓丕鬲,sound_feminine
賳丕卮胤丕鬲,sound_feminine
賲噩鬲賴丿丕鬲,sound_feminine
賲賵馗賮丕鬲,sound_feminine
爻丕卅丨丕鬲,sound_feminine
丿噩丕噩丕鬲,sound_feminine
賵乇賯丕鬲,sound_feminine
卮噩乇丕鬲,sound_feminine
賲乇囟毓丕鬲,sound_feminine
胤丕賱賯丕鬲,sound_feminine
賵賱賵丿丕鬲,sound_feminine
賯丕乇卅丕鬲,sound_feminine
噩丕乇賷丕鬲,sound_feminine
氐丨乇丕賵丕鬲,sound_feminine
丨爻賳丕賵丕鬲,sound_feminine
爻賲乇丕賵丕鬲,sound_feminine
氐丨丕亘賷丕鬲,sound_feminine
毓丕賱賲丕鬲,sound_feminine
鬲賱爻賰賵亘丕鬲,sound_feminine
卮丕賴賯丕鬲,sound_feminine
亘丕賴囟丕鬲,sound_feminine
乇丕爻賷丕鬲,sound_feminine
廿賰乇丕賲丕鬲,sound_feminine
丕噩鬲賴丕丿丕鬲,sound_feminine
鬲賮丕毓賱丕鬲,sound_feminine
亘乇賵鬲賷賳丕鬲,sound_feminine
賮賷鬲丕賲賷賳丕鬲,sound_feminine
賵乇賯丕鬲,sound_feminine
孬賲乇丕鬲,sound_feminine
丨氐賷丕鬲,sound_feminine
丿乇噩丕鬲,sound_feminine
卮噩乇丕鬲,sound_feminine
賳丕噩丨丕鬲,sound_feminine
丨賲丕賲丕鬲,sound_feminine
胤丕賱亘丕鬲,sound_feminine
丨丕卅夭丕鬲,sound_feminine
賲賵馗賮丕鬲,sound_feminine
賲丐賲賳丕鬲,sound_feminine
賲丨丕賲賷丕鬲,sound_feminine
乇丕卅丿丕鬲,sound_feminine
賲鬲胤賵毓丕鬲,sound_feminine
賲丿乇爻丕鬲,sound_feminine
噩賳丿賷丕鬲,sound_feminine
賲禺乇噩丕鬲,sound_feminine
賮乇丕卮丕鬲,sound_feminine
胤丕賱亘丕鬲,sound_feminine
賯丕卅丿丕鬲,sound_feminine
禺乇賷噩丕鬲,sound_feminine
噩乇賷丨丕鬲,sound_feminine
毓丕賲賱丕鬲,sound_feminine
賱丕噩卅丕鬲,sound_feminine
毓丕賲賱丕鬲,sound_feminine
賲賲孬賱丕鬲,sound_feminine
賲亘鬲賰乇丕鬲,sound_feminine
賮丕卅夭丕鬲,sound_feminine
賲毓賲丕乇賷丕鬲,sound_feminine
亘丕卅毓丕鬲,sound_feminine
賲賰乇賲丕鬲,sound_feminine
賯丕乇卅丕鬲,sound_feminine
乇丕毓賷丕鬲,sound_feminine
賲爻丕毓丿丕鬲,sound_feminine
賰丕鬲亘丕鬲,sound_feminine
賲毓賱賲丕鬲,sound_feminine
賯丕乇卅丕鬲,sound_feminine
賲亘丿毓丕鬲,sound_feminine
亘丕丨孬丕鬲,sound_feminine
賲丿賷乇丕鬲,sound_feminine
賲丿乇爻丕鬲,sound_feminine
卮丕毓乇丕鬲,sound_feminine
賮丕卅夭丕鬲,sound_feminine
賲賲孬賱丕鬲,sound_feminine
賲丨丕賲賷丕鬲,sound_feminine
賲賲乇囟丕鬲,sound_feminine
賲乇卮丿丕鬲,sound_feminine
賲氐賲賲丕鬲,sound_feminine
賲禺鬲乇毓丕鬲,sound_feminine
賲胤乇亘丕鬲,sound_feminine
爻亘丕丨丕鬲,sound_feminine
賲爻丕毓丿丕鬲,sound_feminine
丨丕賮馗丕鬲,sound_feminine
乇丕卅丿丕鬲,sound_feminine
賲噩鬲賴丿丕鬲,sound_feminine
毓丕賲賱丕鬲,sound_feminine
賲鬲胤賵毓丕鬲,sound_feminine
賳丕卮胤丕鬲,sound_feminine
賲乇丕賯亘丕鬲,sound_feminine
乇丕毓賷丕鬲,sound_feminine
賲丨丕囟乇丕鬲,sound_feminine
賲賰乇賲丕鬲,sound_feminine
賲鬲丨丿孬丕鬲,sound_feminine
賱丕毓亘丕鬲,sound_feminine
氐丕賳毓丕鬲,sound_feminine
賱丕毓亘丕鬲,sound_feminine
賰丕賮賱丕鬲,sound_feminine
賲丨爻賳丕鬲,sound_feminine
禺亘賷乇丕鬲,sound_feminine
夭丕卅乇丕鬲,sound_feminine
賲氐賵乇丕鬲,sound_feminine
賲賯乇乇丕鬲,sound_feminine
胤亘賷亘丕鬲,sound_feminine
卮乇賷賮丕鬲,sound_feminine
噩乇賷丨丕鬲,sound_feminine
賳噩賷亘丕鬲,sound_feminine
匕賰賷丕鬲,sound_feminine
賯賵賷丕鬲,sound_feminine
賲禺賱氐丕鬲,sound_feminine
乇卮賷賯丕鬲,sound_feminine
毓賮賷賮丕鬲,sound_feminine
噩賲賷賱丕鬲,sound_feminine
賮賱丕丨丕鬲,sound_feminine
亘丿賷毓丕鬲,sound_feminine
賱胤賷賮丕鬲,sound_feminine
丨夭賷賳丕鬲,sound_feminine
賳馗賷賮丕鬲,sound_feminine
禺噩賵賱丕鬲,sound_feminine
氐亘賵乇丕鬲,sound_feminine
賰乇賷賲丕鬲,sound_feminine
丨賰賷賲丕鬲,sound_feminine
賯丿賷乇丕鬲,sound_feminine
亘卮賵卮丕鬲,sound_feminine
賲毓匕亘丕鬲,sound_feminine
賯丕賳毓丕鬲,sound_feminine
胤賵賷賱丕鬲,sound_feminine
乇賯賷賯丕鬲,sound_feminine
囟毓賷賮丕鬲,sound_feminine
氐丕丿賯丕鬲,sound_feminine
兀賲賷賳丕鬲,sound_feminine
賮胤賷賳丕鬲,sound_feminine
賲丕賴乇丕鬲,sound_feminine
賲丨亘丕鬲,sound_feminine
乇丨賷賲丕鬲,sound_feminine
賳卮賷胤丕鬲,sound_feminine
賲乇丨丕鬲,sound_feminine
賳丕毓賲丕鬲,sound_feminine
賲鬲賵丕囟毓丕鬲,sound_feminine
丨賳賵賳丕鬲,sound_feminine
爻乇賷毓丕鬲,sound_feminine
爻丕賰賳丕鬲,sound_feminine
賲賴賳丿爻丕鬲,sound_feminine
胤亘賷亘丕鬲,sound_feminine
賲丿賷乇丕鬲,sound_feminine
賲毓賱賲丕鬲,sound_feminine
賲氐賲賲丕鬲,sound_feminine
賰丕鬲亘丕鬲,sound_feminine
賲鬲乇噩賲丕鬲,sound_feminine
胤丕賱亘丕鬲,sound_feminine
賲丨丕賲賷丕鬲,sound_feminine
賳丕卮胤丕鬲,sound_feminine
乇賷丕囟賷丕鬲,sound_feminine
賮賳丕賳丕鬲,sound_feminine
賲丿乇爻丕鬲,sound_feminine
卮乇胤賷丕鬲,sound_feminine
賲賲乇囟丕鬲,sound_feminine
爻亘丕丨丕鬲,sound_feminine
夭丕卅乇丕鬲,sound_feminine
賲氐賵乇丕鬲,sound_feminine
亘丕丨孬丕鬲,sound_feminine
賲爻丕毓丿丕鬲,sound_feminine
賲丿乇爻丕鬲,sound_feminine
賲氐賲賲丕鬲,sound_feminine
賲鬲乇噩賲丕鬲,sound_feminine
賲丨賱賱丕鬲,sound_feminine
賲卮乇賮丕鬲,sound_feminine
賲賳馗賲丕鬲,sound_feminine
賲禺胤胤丕鬲,sound_feminine
賲賵夭毓丕鬲,sound_feminine
賲氐賵乇丕鬲,sound_feminine
賲賯丿賲丕鬲,sound_feminine
賲丿賯賯丕鬲,sound_feminine
賲賮爻乇丕鬲,sound_feminine
胤亘賷亘丕鬲,sound_feminine
匕賰賷丕鬲,sound_feminine
賯賵賷丕鬲,sound_feminine
賳卮賷胤丕鬲,sound_feminine
馗乇賷賮丕鬲,sound_feminine
毓賯賷賲丕鬲,sound_feminine
爻乇賷毓丕鬲,sound_feminine
亘胤賷卅丕鬲,sound_feminine
乇卮賷賯丕鬲,sound_feminine
乇賯賷賯丕鬲,sound_feminine
囟毓賷賮丕鬲,sound_feminine
賰丕鬲亘丕鬲,sound_feminine
賯丕乇卅丕鬲,sound_feminine
賲毓賱賲丕鬲,sound_feminine
乇丕賯氐丕鬲,sound_feminine
賲卮丕乇賰丕鬲,sound_feminine
賳丕噩丨丕鬲,sound_feminine
賲爻丕賴賲丕鬲,sound_feminine
賲賳丕賮爻丕鬲,sound_feminine
賲亘丕丿乇丕鬲,sound_feminine
賲丨亘丕鬲,sound_feminine
乇丕毓賷丕鬲,sound_feminine
氐丕賳毓丕鬲,sound_feminine
賲丿禺賱丕鬲,sound_feminine
賲禺乇噩丕鬲,sound_feminine
賲賳卮卅丕鬲,sound_feminine
賲胤賱賯丕鬲,sound_feminine
賲爻鬲禺丿賲丕鬲,sound_feminine
賲卮乇賮丕鬲,sound_feminine
賲噩乇賷丕鬲,sound_feminine
賲爻鬲賯亘賱丕鬲,sound_feminine
賲氐丿乇丕鬲,sound_feminine
賲丨鬲賮馗丕鬲,sound_feminine
賲爻丕毓丿丕鬲,sound_feminine
賲丨丕賵乇丕鬲,sound_feminine
賲賳丕賯卮丕鬲,sound_feminine
賲賰丕鬲亘丕鬲,sound_feminine
賲賰丕賮丨丕鬲,sound_feminine
賲賮丕毓賱丕鬲,sound_feminine
賲毓丕賱噩丕鬲,sound_feminine
睾爻丕賱丕鬲,sound_feminine
賯鬲丕賱丕鬲,sound_feminine
囟丕乇亘丕鬲,sound_feminine
禺亘丕夭丕鬲,sound_feminine
賮賳丕賳丕鬲,sound_feminine
賲噩爻賲丕鬲,sound_feminine
卮丕賴丿丕鬲,sound_feminine
胤亘丕禺丕鬲,sound_feminine
賯丕乇亘丕鬲,sound_feminine
爻賮丕丨丕鬲,sound_feminine
乇丕賯賷丕鬲,sound_feminine
賲賳賮匕丕鬲,sound_feminine
賲卮乇賮丕鬲,sound_feminine
賲乇丕賯亘丕鬲,sound_feminine
賲賮鬲卮丕鬲,sound_feminine
賲爻丕毓丿丕鬲,sound_feminine
賲丿乇亘丕鬲,sound_feminine
賲丨乇乇丕鬲,sound_feminine
賲丨賱賱丕鬲,sound_feminine
賲鬲胤賵毓丕鬲,sound_feminine
賲賳爻賯丕鬲,sound_feminine
賲禺胤胤丕鬲,sound_feminine
匕賰賷丕鬲,sound_feminine
爻乇賷毓丕鬲,sound_feminine
賳卮賷胤丕鬲,sound_feminine
胤賵賷賱丕鬲,sound_feminine
乇丕賯賷丕鬲,sound_feminine
賯賵賷丕鬲,sound_feminine
氐丕丿賯丕鬲,sound_feminine
乇卮賷賯丕鬲,sound_feminine
賰乇賷賲丕鬲,sound_feminine
毓賮賷賮丕鬲,sound_feminine
丨乇賷氐丕鬲,sound_feminine
丨亘賷亘丕鬲,sound_feminine
賱胤賷賮丕鬲,sound_feminine
馗乇賷賮丕鬲,sound_feminine
毓丕卮賯丕鬲,sound_feminine
賲丿禺賱丕鬲,sound_feminine
氐丨丕亘賷丕鬲,sound_feminine
賲毓賷丿丕鬲,sound_feminine
賲匕賷毓丕鬲,sound_feminine
賲鬲乇噩賲丕鬲,sound_feminine
賲爻鬲賯亘賱丕鬲,sound_feminine
賲賵馗賮丕鬲,sound_feminine
賲爻鬲胤賱毓丕鬲,sound_feminine
賲賳馗賲丕鬲,sound_feminine
賲卮丕乇賰丕鬲,sound_feminine
賲亘乇賲噩丕鬲,sound_feminine
賲乇丕噩毓丕鬲,sound_feminine
毓丿丕亍丕鬲,sound_feminine
賱丕毓亘丕鬲,sound_feminine
卮乇胤賷丕鬲,sound_feminine
廿毓賱丕賲賷丕鬲,sound_feminine
賲丨賱賱丕鬲,sound_feminine
賲卮噩毓丕鬲,sound_feminine
賲賳馗賲丕鬲,sound_feminine
賲乇賵噩丕鬲,sound_feminine
賲賳亘賴丕鬲,sound_feminine
賲丨乇賰丕鬲,sound_feminine
賲毓丿賱丕鬲,sound_feminine
賲乇丕賯亘丕鬲,sound_feminine
賲賳爻賯丕鬲,sound_feminine
賲乇鬲亘丕鬲,sound_feminine
賲賮賰乇丕鬲,sound_feminine
賲賳賯丨丕鬲,sound_feminine
賲賮爻乇丕鬲,sound_feminine
廿賳噩丕夭丕鬲,sound_feminine
鬲爻丕丐賱丕鬲,sound_feminine
毓匕乇丕賵丕鬲,sound_feminine
賰鬲賷亘丕鬲,sound_feminine
鬲毓乇賷賮丕鬲,sound_feminine
丨丕噩丕鬲,sound_feminine
孬賲乇丕鬲,sound_feminine
賵乇丿丕鬲,sound_feminine
賳丕胤賯丕鬲,sound_feminine
鬲丨賯賷賯丕鬲,sound_feminine
賰乇丕爻丕鬲,sound_feminine
亘賷囟丕賵丕鬲,sound_feminine
賰賲亘賷賵鬲乇丕鬲,sound_feminine
毓丕賱賲丕鬲,sound_feminine
賱賯丕丨丕鬲,sound_feminine
賲鬲禺氐氐丕鬲,sound_feminine
廿丨氐丕卅賷丕鬲,sound_feminine
乇爻丕賲丕鬲,sound_feminine
賲丨丕囟乇丕鬲,sound_feminine
賲亘乇賲噩丕鬲,sound_feminine
賮賳賷丕鬲,sound_feminine
賲噩賱丕鬲,sound_feminine
賲丐賲賳丕鬲,sound_feminine
爻丕噩丿丕鬲,sound_feminine
鬲丕卅亘丕鬲,sound_feminine
賲乇亘賷丕鬲,sound_feminine
丨丕賮馗丕鬲,sound_feminine
賲氐賱賷丕鬲,sound_feminine
賲鬲氐丿賯丕鬲,sound_feminine
夭丕賴丿丕鬲,sound_feminine
丿丕毓賷丕鬲,sound_feminine
賰賱賲丕鬲,sound_feminine
賲亘丿毓丕鬲,sound_feminine
賲睾賳賷丕鬲,sound_feminine
毓丕卮賯丕鬲,sound_feminine
氐賮丨丕鬲,sound_feminine
卮丕毓乇丕鬲,sound_feminine
噩丿丕鬲,sound_feminine