word,label
أرامل,broken
أرائك,broken
أقارب,broken
أساور,broken
أماكن,broken
أنامل,broken
أصابع,broken
أظافر,broken
أفاعي,broken
أماسي,broken
أغاني,broken
أراضي,broken
أواني,broken
أراضي,broken
أحاسيس,broken
أسابيع,broken
أساطير,broken
أباريق,broken
أحاديث,broken
أماني,broken
أشجار,broken
أشعار,broken
أطفال,broken
أزهار,broken
أخبار,broken
أبطال,broken
أنهار,broken
أبراج,broken
أضواء,broken
أوقات,broken
أسماء,broken
ألحان,broken
أقلام,broken
أنهر,broken
أسباب,broken
أحجار,broken
أغصان,broken
أحمال,broken
أعشاش,broken
أحوال,broken
أثمار,broken
أبحار,broken
أحداث,broken
أصوات,broken
أكوار,broken
أسراج,broken
أبصال,broken
أكواب,broken
أغصان,broken
أغلام,broken
أفلاك,broken
أقراص,broken
أشعار,broken
أعلام,broken
أفراع,broken
أمواج,broken
أجناد,broken
أوراق,broken
أجداد,broken
أصناف,broken
أعمال,broken
أغنام,broken
أسعار,broken
أموال,broken
أطراف,broken
أقلام,broken
أظلال,broken
أنهار,broken
أشجار,broken
أطباق,broken
أكتاف,broken
أذهان,broken
أسماك,broken
أعشاش,broken
أقوال,broken
أزرار,broken
أكواب,broken
أحجار,broken
أقداح,broken
أعراض,broken
أطراف,broken
أكمام,broken
أفواه,broken
أعباء,broken
أجناس,broken
أقدام,broken
أمعاء,broken
أجفان,broken
أدوات,broken
أصوات,broken
أنواع,broken
أفكار,broken
ألواح,broken
أبناء,broken
أوزان,broken
أوراق,broken
أسباب,broken
أموال,broken
أعداد,broken
ألوان,broken
أعراس,broken
آثار,broken
أضرار,broken
أشياء,broken
أمثال,broken
أحوال,broken
أعداء,broken
أنواع,broken
أرجاء,broken
أعياد,broken
أفكار,broken
أحياء,broken
أسراب,broken
أبحاث,broken
الأنفاق,broken
أقطار,broken
أطياف,broken
أصداف,broken
أسرار,broken
أحلام,broken
أعواد,broken
أصوات,broken
أعشاش,broken
أقواس,broken
أنفاق,broken
أطباق,broken
أوراق,broken
أزرار,broken
أكواب,broken
أطواق,broken
أحمال,broken
أبقار,broken
أدراج,broken
أطلال,broken
أنغام,broken
أقماع,broken
أخبار,broken
أدوات,broken
أحداث,broken
أمواج,broken
أيام,broken
أنهار,broken
أنوار,broken
آراء,broken
أثواب,broken
أنباء,broken
أثواب,broken
أبواب,broken
أوقات,broken
أوصاف,broken
أجداد,broken
أعمام,broken
أكباد,broken
أعناق,broken
ألوان,broken
أقفال,broken
أقدام,broken
أنهار,broken
أبطال,broken
أفلام,broken
أفواه,broken
أبصار,broken
أزواج,broken
آذان,broken
أموات,broken
أسماء,broken
أصحاب,broken
أبناء,broken
أيام,broken
أهواء,broken
ءاباء,broken
أحياء,broken
أموال,broken
أنداد,broken
أسباب,broken
أعمال,broken
ألباب,broken
أضعاف,broken
أيمان,broken
أرحام,broken
أولاد,broken
أعناب,broken
أنصار,broken
أطياف,broken
أبعاد,broken
أحلام,broken
أضداد,broken
أرقام,broken
أدوار,broken
أسفار,broken
أصفار,broken
أوجاع,broken
أحقاد,broken
أشرار,broken
ألحان,broken
أشكال,broken
أنغام,broken
أوراق,broken
أعشاش,broken
أقواس,broken
أبراج,broken
أطباق,broken
أشغال,broken
أخطار,broken
أوزان,broken
أشبال,broken
أوتار,broken
أقزام,broken
أقلام,broken
أوتاد,broken
أفنان,broken
أقداح,broken
أكواد,broken
أسياجا,broken
أسياد,broken
أعراق,broken
أعراف,broken
أعراض,broken
أرباع,broken
ألعاب,broken
أنوار,broken
أغصان,broken
أكياس,broken
أكياس,broken
أبواب,broken
آمال,broken
أنغام,broken
أعماق,broken
أفلام,broken
أقراط,broken
أشباح,broken
أقفال,broken
أجيال,broken
أفكار,broken
أشجار,broken
أجزاء,broken
أعين,broken
أرجل,broken
أوجه,broken
أبحر,broken
أنهر,broken
أيد,broken
أرفف,broken
أذرع,broken
ألسن,broken
أعين,broken
أنفس,broken
أشهر,broken
أسهم,broken
أيدي,broken
أصدقاء,broken
أطباء,broken
أزياء,broken
أشداء,broken
أعزاء,broken
أقوياء,broken
أولياء,broken
أخلاء,broken
أتقياء,broken
أصفياء,broken
أذكياء,broken
أنقياء,broken
أحباء,broken
أوفياء,broken
أبرياء,broken
أغنياء,broken
أغبياء,broken
أصدقاء,broken
أشقياء,broken
أقرباء,broken
أصحاء,broken
أعضاء,broken
أخفياء,broken
أنحاء,broken
أدباء,broken
أوصياء,broken
أسوياء,broken
أشرعة,broken
أرغفة,broken
أدوية,broken
أفئدة,broken
أجنحة,broken
أسرة,broken
أقمصة,broken
أحصنة,broken
أغطية,broken
أودية,broken
أنسجة,broken
أوسمة,broken
أغطية,broken
أوعية,broken
أسرة,broken
أشرعة,broken
أهلة,broken
أشرطة,broken
أحذية,broken
أردية,broken
أقنعة,broken
ألسنة,broken
أطعمة,broken
أذلة,broken
أسلحة,broken
أطعمة,broken
أرغفة,broken
أحمرة,broken
أردية,broken
أقبية,broken
أهلة,broken
أغذية,broken
أدوية,broken
أفئدة,broken
أرصفة,broken
أمثلة,broken
أشرطة,broken
أقنعة,broken
أجنحة,broken
أحذية,broken
أشعة,broken
أوسمة,broken
أغلفة,broken
أجوبة,broken
أسرة,broken
أذلة,broken
ألسنة,broken
أعمدة,broken
أنظمة,broken
أحذية,broken
أطبقة,broken
أعمدة,broken
تقارير,broken
تماثيل,broken
تلاميذ,broken
تعاريف,broken
تعابير,broken
تدابير,broken
تجارب,broken
تفاعيل,broken
تفاصيل,broken
مارة,broken
بضائع,broken
رسائل,broken
حدائق,broken
خرائط,broken
زبائن,broken
عجائب,broken
غرائب,broken
دلائل,broken
نوائب,broken
حصائر,broken
فطائر,broken
شقائق,broken
خرائط,broken
قبائل,broken
حرائق,broken
خزائن,broken
قصائد,broken
وظائف,broken
زبائن,broken
عصائر,broken
صحائف,broken
عجائز,broken
شمائل,broken
طرائق,broken
صحائف,broken
حمائل,broken
حلائب,broken
رسائل,broken
ذوائب,broken
سحائب,broken
نتائج,broken
فرائس,broken
صفائح,broken
خسائر,broken
رجال,broken
عمال,broken
جبال,broken
ثمار,broken
سياح,broken
ظلال,broken
عظام,broken
تجار,broken
حراس,broken
مياه,broken
رمال,broken
رياح,broken
لجان,broken
بلاد,broken
قلاع,broken
سهام,broken
سلال,broken
كراس,broken
حجاج,broken
ضفاف,broken
عمال,broken
شباب,broken
بحار,broken
كتاب,broken
زوار,broken
زمام,broken
قراء,broken
نوام,broken
كتاب,broken
صوام,broken
جمال,broken
رماح,broken
ذئاب,broken
ظراف,broken
كرام,broken
غضاب,broken
عطاش,broken
كفار,broken
حكام,broken
رجال,broken
ديار,broken
عظام,broken
رياح,broken
عباد,broken
دماء,broken
ظلال,broken
جبال,broken
غراس,broken
خصال,broken
حسان,broken
سباع,broken
رحال,broken
سلال,broken
وصال,broken
محال,broken
نساء,broken
رمال,broken
بحار,broken
حراس,broken
عمال,broken
كلاب,broken
ذباب,broken
غمار,broken
عجال,broken
نقاط,broken
شفاه,broken
ثمار,broken
ركاب,broken
ظباء,broken
حجارة,broken
رحالة,broken
بحارة,broken
سلاسل,broken
سنابل,broken
جداول,broken
صنادل,broken
لآلئ,broken
دراهم,broken
بنادق,broken
زخارف,broken
سلالم,broken
براثن,broken
جعافر,broken
جحافل,broken
سنابل,broken
دراهم,broken
زلازل,broken
سفارج,broken
سلالم,broken
دفاتر,broken
فلاسفة,broken
قضايا,broken
هدايا,broken
رزايا,broken
وصايا,broken
دعاوى,broken
سكارى,broken
عذارى,broken
كسالى,broken
يتامىٰ,broken
بقايا,broken
زوايا,broken
ليالي,broken
صحارى,broken
براري,broken
سحالي,broken
صحاري,broken
كراسي,broken
أهالي,broken
مراعي,broken
براري,broken
صناديق,broken
جماهير,broken
زنازين,broken
شبابيك,broken
عصافير,broken
براميل,broken
شرايين,broken
قناديل,broken
شبابيك,broken
سكاكين,broken
جيران,broken
عراقيل,broken
سراويل,broken
خنازير,broken
أباريق,broken
دبابير,broken
دبابيس,broken
براكين,broken
عصافير,broken
براكين,broken
دواوين,broken
براميل,broken
بطاريق,broken
فساتين,broken
كتب,broken
قصص,broken
سفن,broken
شعل,broken
صور,broken
سبل,broken
صحف,broken
فجر,broken
رسل,broken
طرق,broken
مدن,broken
حصن,broken
صور,broken
جزر,broken
دول,broken
قمم,broken
صحف,broken
بدو,broken
جثث,broken
ورش,broken
فرق,broken
قطط,broken
سحب,broken
مؤن,broken
غرف,broken
عمد,broken
سرر,broken
غرف,broken
صغر,broken
كبر,broken
جمع,broken
حجج,broken
كسر,broken
بدع,broken
صم,broken
بكم,broken
عمي,broken
غلف,broken
فلك,broken
ظلل,broken
أخر,broken
سجد,broken
ركع,broken
نعم,broken
سور,broken
عقد,broken
قرب,broken
درر,broken
سبل,broken
جمل,broken
حفر,broken
فرص,broken
قرى,broken
شهب,broken
صحف,broken
رتب,broken
قصص,broken
نصب,broken
نظم,broken
قطط,broken
أمم,broken
أمم,broken
قطع,broken
علب,broken
سود,broken
أسد,broken
علماء,broken
زعماء,broken
خطباء,broken
بلدان,broken
أدباء,broken
قراء,broken
أمراء,broken
سفراء,broken
زملاء,broken
كرماء,broken
جلساء,broken
ظرفاء,broken
ندماء,broken
عقلاء,broken
شعراء,broken
ضعفاء,broken
سفهاء,broken
فقراء,broken
شعراء,broken
أمناء,broken
خرفان,broken
صبيان,broken
حيتان,broken
جدران,broken
غلمان,broken
فتيان,broken
فرسان,broken
وديان,broken
غربان,broken
قيعان,broken
حيتان,broken
جرذان,broken
حيطان,broken
إخوان,broken
غزلان,broken
خرفان,broken
بلدان,broken
كثبان,broken
قضبان,broken
ركبان,broken
ذكران,broken
فئران,broken
طهاة,broken
فتية,broken
غلمة,broken
كتبة,broken
سحرة,broken
بررة,broken
كملة,broken
دببة,broken
قردة,broken
فيلة,broken
جرحى,broken
أسرى,broken
دمى,broken
صرعى,broken
قتلى,broken
جرحى,broken
أسرى,broken
هلكى,broken
موتى,broken
حمقى,broken
غرقى,broken
مرضى,broken
مرضى,broken
طيور,broken
بيوت,broken
ضيوف,broken
حقول,broken
ملوك,broken
زهور,broken
غصون,broken
ورود,broken
غصون,broken
شجون,broken
حروف,broken
دروب,broken
قلوب,broken
فصول,broken
جسور,broken
رفوف,broken
نجوم,broken
نقوش,broken
دروب,broken
جنود,broken
كنوز,broken
سطوح,broken
قصور,broken
زروع,broken
علوم,broken
ورود,broken
قصود,broken
عصور,broken
وجوه,broken
سيوف,broken
بذور,broken
جذوع,broken
بحور,broken
سهول,broken
أسود,broken
حدود,broken
حروف,broken
دروس,broken
حلول,broken
شهود,broken
حقوق,broken
دور,broken
حصون,broken
صخور,broken
غيوم,broken
سيوف,broken
كؤوس,broken
خطوط,broken
شموع,broken
سدود,broken
تروس,broken
دروع,broken
وجوه,broken
نقوش,broken
وفود,broken
حدود,broken
ثلوج,broken
فنون,broken
عروض,broken
صفوف,broken
خيول,broken
فنون,broken
نمور,broken
عيون,broken
ثلوج,broken
كعوب,broken
ضروس,broken
جنود,broken
شجون,broken
ذكور,broken
حروب,broken
قروء,broken
حدود,broken
وجوه,broken
بيوت,broken
بطون,broken
قلوب,broken
عروش,broken
بعول,broken
ألوف,broken
عروض,broken
فصول,broken
دروس,broken
قروض,broken
شروط,broken
عقول,broken
سطوح,broken
نفوس,broken
ظروف,broken
علوم,broken
عطور,broken
صنوف,broken
ضيوف,broken
دروب,broken
قدور,broken
صقور,broken
خيول,broken
ديون,broken
طيوف,broken
نقود,broken
نجوم,broken
سطور,broken
فنون,broken
غصون,broken
أصول,broken
حروف,broken
رتوع,broken
بيوض,broken
طروح,broken
سيوف,broken
آسود,broken
خطوط,broken
جسور,broken
طبول,broken
بنوك,broken
لحوم,broken
لصوص,broken
نسور,broken
صقور,broken
زيوت,broken
رفوف,broken
عهود,broken
فهود,broken
غيوم,broken
حوادث,broken
شوارع,broken
كواكب,broken
قواعد,broken
فوائد,broken
فواضح,broken
عوالم,broken
جوائز,broken
صواعق,broken
قوافل,broken
شواطئ,broken
لوائح,broken
جوارب,broken
حواجز,broken
خواتم,broken
نوافذ,broken
فواكه,broken
قوارب,broken
نواصب,broken
كواذب,broken
جواهر,broken
كواثر,broken
خوارق,broken
زوابع,broken
صوامع,broken
فواضل,broken
زوامل,broken
دوائر,broken
صواهل,broken
شواهق,broken
حوائض,broken
طوالق,broken
قوالب,broken
خواتم,broken
صواعق,broken
خوالد,broken
جوالد,broken
سوالب,broken
فوالد,broken
دوالب,broken
قوالد,broken
حوائط,broken
زوارق,broken
نوادي,broken
صواري,broken
فوانيس,broken
قوانين,broken
صواريخ,broken
مطاعم,broken
مواسم,broken
منابع,broken
مباني,broken
متاجر,broken
مواقد,broken
محاكم,broken
ممالك,broken
محاجر,broken
معاطف,broken
مذاهب,broken
مفاتن,broken
مناهل,broken
مشارب,broken
مهالك,broken
مشاجب,broken
مقابر,broken
مناصب,broken
منافذ,broken
مشاغل,broken
مساجد,broken
منابت,broken
مفارق,broken
مفاخر,broken
مكاتب,broken
مناطق,broken
مكاسب,broken
مقاسم,broken
مناصح,broken
مساكن,broken
مسالك,broken
مقابض,broken
مناصر,broken
معاهد,broken
مجامع,broken
مقاعد,broken
محافل,broken
مناجل,broken
مرافق,broken
محاكم,broken
مقابر,broken
مناهج,broken
مغارس,broken
منافس,broken
مناقب,broken
مرافئ,broken
مفاتح,broken
مناكب,broken
مزالج,broken
مفارد,broken
مكاسر,broken
مناصع,broken
مشاتل,broken
مقارب,broken
مقاسد,broken
منافر,broken
مكايد,broken
مصادر,broken
مواد,broken
مخاوف,broken
معاهد,broken
مواقع,broken
مزارع,broken
مزايا,broken
موانئ,broken
ملاعب,broken
معارك,broken
مرافئ,broken
مخابئ,broken
مدائن,broken
مصائب,broken
موارد,broken
مساطر,broken
مغاني,broken
مسالك,broken
مصاعد,broken
محافل,broken
محارق,broken
مشاعل,broken
مخازن,broken
مراصد,broken
مراتب,broken
معاجم,broken
مقاصد,broken
ملاعق,broken
مطارق,broken
مرايا,broken
مفاصل,broken
مخادع,broken
مظال,broken
مناطق,broken
مناظر,broken
ملابس,broken
مطاعم,broken
مراعي,broken
مراحل,broken
معاطف,broken
مدارس,broken
مسائل,broken
مزارع,broken
ملاجئ,broken
مراجع,broken
ملاحق,broken
منازل,broken
معارض,broken
مرافق,broken
مغارب,broken
مساند,broken
مسابح,broken
مصاحف,broken
مكاتب,broken
مكاسب,broken
معارض,broken
ملاعق,broken
مصانع,broken
مطاعم,broken
مشارب,broken
مسارح,broken
مصائد,broken
مغازل,broken
مفارق,broken
محاجر,broken
مآرب,broken
مواقد,broken
مدائن,broken
مداخل,broken
مناهل,broken
مخارج,broken
مقابر,broken
منافع,broken
مصايف,broken
مقاصد,broken
مفاتن,broken
محابس,broken
مناجم,broken
مخازن,broken
مراسم,broken
مطالع,broken
مراصد,broken
مشارق,broken
مقالب,broken
مغانط,broken
مصارف,broken
مذاهب,broken
مجالس,broken
ملابس,broken
مظاهر,broken
مقالي,broken
مخابز,broken
مغاسل,broken
مطارق,broken
ملابس,broken
مواقع,broken
مسامع,broken
مطارح,broken
مكابس,broken
مآذن,broken
مراوح,broken
مدارس,broken
متاحف,broken
مساجد,broken
معابد,broken
ملاعق,broken
مصانع,broken
منازل,broken
معارض,broken
مكاتب,broken
محاكم,broken
مسارح,broken
مخارج,broken
ملاجئ,broken
مخابر,broken
مراكب,broken
مفارش,broken
مغارف,broken
مراكز,broken
ملائكة,broken
مواشي,broken
ميادين,broken
مجانين,broken
مشاريع,broken
عناوين,broken
مصابيح,broken
مقاليد,broken
منابيع,broken
مناديل,broken
مفاتيح,broken
مكاتيب,broken
محاريق,broken
مساجين,broken
مشاريع,broken
مناهير,broken
محاصيل,broken
مراسيل,broken
مسامير,broken
محاريب,broken
مفاتيح,broken
محاريب,broken
مكاتيب,broken
مواقيت,broken
ميادين,broken
معايير,broken
مواضيع,broken
مزامير,broken
مطاعين,broken
مصاريف,broken
مدايين,broken
مآنيث,broken
مخاليب,broken
مساكين,broken
مصابيح,broken
مسامير,broken
مفاتيح,broken
مناظير,broken
مطامير,broken
محاصيل,broken
معاجين,broken
مرابيع,broken
مراسيل,broken
مكاحيل,broken
مناجيد,broken
مقابيس,broken
مداميك,broken
مناشير,broken
مناديل,broken
مواضيع,broken
مجاهيل,broken
مضامين,broken
مشاهير,broken
مجانين,broken
مفاعيل,broken
مقاييس,broken
مصاعيب,broken
مساطير,broken
مناقير,broken
محاريب,broken
كاتبون,sound_masculine
صادقون,sound_masculine
لاعبون,sound_masculine
معلمون,sound_masculine
مدربون,sound_masculine
منظمون,sound_masculine
مساعدون,sound_masculine
مشاركون,sound_masculine
ناجحون,sound_masculine
فائزون,sound_masculine
عابدون,sound_masculine
عاقلون,sound_masculine
ناخبون,sound_masculine
بائعون,sound_masculine
دارسون,sound_masculine
مجتهدون,sound_masculine
متفكرون,sound_masculine
متسابقون,sound_masculine
متطوعون,sound_masculine
متمكنون,sound_masculine
مبرمجون,sound_masculine
مهندسون,sound_masculine
حرفيون,sound_masculine
صحفيون,sound_masculine
فلاحون,sound_masculine
رحالون,sound_masculine
محامون,sound_masculine
مدرسون,sound_masculine
مؤرخون,sound_masculine
مزارعون,sound_masculine
نجارون,sound_masculine
رائدون,sound_masculine
جغرافيون,sound_masculine
محللون,sound_masculine
مسافرون,sound_masculine
مساعدون,sound_masculine
مستشارون,sound_masculine
لغويون,sound_masculine
مدربون,sound_masculine
ممثلون,sound_masculine
سائقون,sound_masculine
محكمون,sound_masculine
مسؤولون,sound_masculine
راعون,sound_masculine
ناشطون,sound_masculine
مصورون,sound_masculine
رياضيون,sound_masculine
معلمون,sound_masculine
معالجون,sound_masculine
متسابقون,sound_masculine
موظفون,sound_masculine
ناخبون,sound_masculine
طيارون,sound_masculine
جراحون,sound_masculine
محاربون,sound_masculine
فاعلون,sound_masculine
مفكرون,sound_masculine
مجاهدون,sound_masculine
محافظون,sound_masculine
قتالون,sound_masculine
مصلحون,sound_masculine
مؤمنون,sound_masculine
ساهرون,sound_masculine
مجتهدون,sound_masculine
مسلمون,sound_masculine
عاملون,sound_masculine
محاضرون,sound_masculine
رائعون,sound_masculine
مهتمون,sound_masculine
كاتبون,sound_masculine
طيبون,sound_masculine
لاعبون,sound_masculine
صادقون,sound_masculine
فائزون,sound_masculine
ناجحون,sound_masculine
عابدون,sound_masculine
متقنون,sound_masculine
ماهرون,sound_masculine
مخلصون,sound_masculine
مبدعون,sound_masculine
طويلون,sound_masculine
قصيرون,sound_masculine
محترفون,sound_masculine
فطنون,sound_masculine
هادئون,sound_masculine
متعاونون,sound_masculine
حرصون,sound_masculine
مبتكرون,sound_masculine
عادلون,sound_masculine
مصلحون,sound_masculine
محبون,sound_masculine
متألقون,sound_masculine
بارعون,sound_masculine
مشاركون,sound_masculine
متمكنون,sound_masculine
بائعون,sound_masculine
راجعون,sound_masculine
نابغون,sound_masculine
ماسحون,sound_masculine
حائرون,sound_masculine
معتمرون,sound_masculine
متوكلون,sound_masculine
معتمدون,sound_masculine
مجبرون,sound_masculine
مقتولون,sound_masculine
مطلقون,sound_masculine
حافظون,sound_masculine
مسورون,sound_masculine
منكوبون,sound_masculine
ساجدون,sound_masculine
محملون,sound_masculine
معتقلون,sound_masculine
مضطربون,sound_masculine
مؤذنون,sound_masculine
سجانون,sound_masculine
مأسورون,sound_masculine
مكسورون,sound_masculine
منصورون,sound_masculine
خياطون,sound_masculine
آكلون,sound_masculine
جامعون,sound_masculine
دارسون,sound_masculine
راكعون,sound_masculine
تائبون,sound_masculine
حامدون,sound_masculine
متفكرون,sound_masculine
سائلون,sound_masculine
جالسون,sound_masculine
حدادون,sound_masculine
خبازون,sound_masculine
عاقلون,sound_masculine
ذاكرون,sound_masculine
زاهدون,sound_masculine
ممرضون,sound_masculine
جاهدون,sound_masculine
شاتمون,sound_masculine
حاقدون,sound_masculine
هجينون,sound_masculine
موقنون,sound_masculine
سمينون,sound_masculine
خبيثون,sound_masculine
متطوعون,sound_masculine
محتاجون,sound_masculine
مذعورون,sound_masculine
غاضبون,sound_masculine
عجلانون,sound_masculine
طماعون,sound_masculine
متخاذلون,sound_masculine
متجاهلون,sound_masculine
زائرون,sound_masculine
شاربون,sound_masculine
مرتجلون,sound_masculine
منادون,sound_masculine
معتدون,sound_masculine
داعون,sound_masculine
متحمسون,sound_masculine
مشجعون,sound_masculine
متهمون,sound_masculine
كاظمون,sound_masculine
عافون,sound_masculine
محسنون,sound_masculine
مكذبون,sound_masculine
ظالمون,sound_masculine
مسالمون,sound_masculine
مهتدون,sound_masculine
جاهلون,sound_masculine
واشون,sound_masculine
نبيون,sound_masculine
متصدقون,sound_masculine
مصرفيون,sound_masculine
مواطنين,sound_masculine
حاضرين,sound_masculine
مستمعين,sound_masculine
مستمتعين,sound_masculine
مدنيين,sound_masculine
مدينين,sound_masculine
غابرين,sound_masculine
مدمنين,sound_masculine
منتبهين,sound_masculine
مبادرين,sound_masculine
منذرين,sound_masculine
منقذين,sound_masculine
صابرين,sound_masculine
متحدين,sound_masculine
معتنين,sound_masculine
مراقبين,sound_masculine
مبجلين,sound_masculine
متبرعين,sound_masculine
مدافعين,sound_masculine
متفوقين,sound_masculine
منتظرين,sound_masculine
صابئين,sound_masculine
خاسئين,sound_masculine
خاسرين,sound_masculine
متقين,sound_masculine
ناظرين,sound_masculine
أميين,sound_masculine
معرضين,sound_masculine
شاهدين,sound_masculine
مشركين,sound_masculine
كافرين,sound_masculine
كاذبين,sound_masculine
طائفين,sound_masculine
قانتين,sound_masculine
عاكفين,sound_masculine
ملحدين,sound_masculine
مصطفين,sound_masculine
صالحين,sound_masculine
حنيفين,sound_masculine
مخلصين,sound_masculine
عارفين,sound_masculine
ممترين,sound_masculine
قادرين,sound_masculine
شاكرين,sound_masculine
ساخرين,sound_masculine
مستهزئين,sound_masculine
قريبين,sound_masculine
مقربين,sound_masculine
بعيدين,sound_masculine
أولين,sound_masculine
آخرين,sound_masculine
تابعين,sound_masculine
فاضلين,sound_masculine
غاصبين,sound_masculine
محتلين,sound_masculine
ظالمين,sound_masculine
قاهرين,sound_masculine
صارمين,sound_masculine
سارقين,sound_masculine
شاربين,sound_masculine
فنانين,sound_masculine
حساسين,sound_masculine
طموحين,sound_masculine
متحمسين,sound_masculine
سامعين,sound_masculine
غضبانين,sound_masculine
عجلانين,sound_masculine
نعاسين,sound_masculine
طماعين,sound_masculine
مكسورين,sound_masculine
رياضيين,sound_masculine
جغرافيين,sound_masculine
فنيين,sound_masculine
مؤرخين,sound_masculine
مسافرين,sound_masculine
مجبرين,sound_masculine
مقتولين,sound_masculine
محمولين,sound_masculine
منكوبين,sound_masculine
مأسورين,sound_masculine
مسرورين,sound_masculine
حزينين,sound_masculine
مذعورين,sound_masculine
متخاذلين,sound_masculine
مهتمين,sound_masculine
مضطربين,sound_masculine
معتقلين,sound_masculine
مطلقين,sound_masculine
محتاجين,sound_masculine
محكومين,sound_masculine
قاتلين,sound_masculine
معمرين,sound_masculine
متهمين,sound_masculine
موظفين,sound_masculine
متسابقين,sound_masculine
مصلحين,sound_masculine
مبدعين,sound_masculine
متعاونين,sound_masculine
مسيئين,sound_masculine
مسرفين,sound_masculine
مفلحين,sound_masculine
فاسقين,sound_masculine
منافقين,sound_masculine
متجافين,sound_masculine
متحابين,sound_masculine
متنازعين,sound_masculine
متسامحين,sound_masculine
متباكين,sound_masculine
متواصلين,sound_masculine
متصافين,sound_masculine
متشاورين,sound_masculine
متبتلين,sound_masculine
متسامحين,sound_masculine
مقسطين,sound_masculine
مسوفين,sound_masculine
متقاسمين,sound_masculine
متفاعلين,sound_masculine
متفائلين,sound_masculine
متقاتلين,sound_masculine
متساهلين,sound_masculine
راقصين,sound_masculine
طبالين,sound_masculine
مغنين,sound_masculine
منظمين,sound_masculine
منظفين,sound_masculine
خدامين,sound_masculine
أحمدين,sound_masculine
متطهرين,sound_masculine
خاشعين,sound_masculine
متراحمين,sound_masculine
متعاقدين,sound_masculine
متسامرين,sound_masculine
متواصلين,sound_masculine
قاسمين,sound_masculine
قارعين,sound_masculine
طالعين,sound_masculine
نازلين,sound_masculine
غاشمين,sound_masculine
كاسرين,sound_masculine
متسارعين,sound_masculine
متواضعين,sound_masculine
متكبرين,sound_masculine
متحررين,sound_masculine
موسعين,sound_masculine
منسقين,sound_masculine
قائمين,sound_masculine
حازمين,sound_masculine
جازمين,sound_masculine
منفقين,sound_masculine
مقابلين,sound_masculine
طالبات,sound_feminine
طبيبات,sound_feminine
معلمات,sound_feminine
حسنات,sound_feminine
فنانات,sound_feminine
مؤرخات,sound_feminine
مهندسات,sound_feminine
مترجمات,sound_feminine
طاهيات,sound_feminine
رياضيات,sound_feminine
كاتبات,sound_feminine
مدربات,sound_feminine
زهرات,sound_feminine
موسيقيات,sound_feminine
مصممات,sound_feminine
عداءات,sound_feminine
باحثات,sound_feminine
مديرات,sound_feminine
صحفيات,sound_feminine
سباحات,sound_feminine
شاعرات,sound_feminine
مبدعات,sound_feminine
ناشطات,sound_feminine
مجتهدات,sound_feminine
موظفات,sound_feminine
سائحات,sound_feminine
دجاجات,sound_feminine
ورقات,sound_feminine
شجرات,sound_feminine
مرضعات,sound_feminine
طالقات,sound_feminine
ولودات,sound_feminine
قارئات,sound_feminine
جاريات,sound_feminine
صحراوات,sound_feminine
حسناوات,sound_feminine
سمراوات,sound_feminine
صحابيات,sound_feminine
عالمات,sound_feminine
تلسكوبات,sound_feminine
شاهقات,sound_feminine
باهضات,sound_feminine
راسيات,sound_feminine
إكرامات,sound_feminine
اجتهادات,sound_feminine
تفاعلات,sound_feminine
بروتينات,sound_feminine
فيتامينات,sound_feminine
ورقات,sound_feminine
ثمرات,sound_feminine
حصيات,sound_feminine
درجات,sound_feminine
شجرات,sound_feminine
ناجحات,sound_feminine
حمامات,sound_feminine
طالبات,sound_feminine
حائزات,sound_feminine
موظفات,sound_feminine
مؤمنات,sound_feminine
محاميات,sound_feminine
رائدات,sound_feminine
متطوعات,sound_feminine
مدرسات,sound_feminine
جنديات,sound_feminine
مخرجات,sound_feminine
فراشات,sound_feminine
طالبات,sound_feminine
قائدات,sound_feminine
خريجات,sound_feminine
جريحات,sound_feminine
عاملات,sound_feminine
لاجئات,sound_feminine
عاملات,sound_feminine
ممثلات,sound_feminine
مبتكرات,sound_feminine
فائزات,sound_feminine
معماريات,sound_feminine
بائعات,sound_feminine
مكرمات,sound_feminine
قارئات,sound_feminine
راعيات,sound_feminine
مساعدات,sound_feminine
كاتبات,sound_feminine
معلمات,sound_feminine
قارئات,sound_feminine
مبدعات,sound_feminine
باحثات,sound_feminine
مديرات,sound_feminine
مدرسات,sound_feminine
شاعرات,sound_feminine
فائزات,sound_feminine
ممثلات,sound_feminine
محاميات,sound_feminine
ممرضات,sound_feminine
مرشدات,sound_feminine
مصممات,sound_feminine
مخترعات,sound_feminine
مطربات,sound_feminine
سباحات,sound_feminine
مساعدات,sound_feminine
حافظات,sound_feminine
رائدات,sound_feminine
مجتهدات,sound_feminine
عاملات,sound_feminine
متطوعات,sound_feminine
ناشطات,sound_feminine
مراقبات,sound_feminine
راعيات,sound_feminine
محاضرات,sound_feminine
مكرمات,sound_feminine
متحدثات,sound_feminine
لاعبات,sound_feminine
صانعات,sound_feminine
لاعبات,sound_feminine
كافلات,sound_feminine
محسنات,sound_feminine
خبيرات,sound_feminine
زائرات,sound_feminine
مصورات,sound_feminine
مقررات,sound_feminine
طبيبات,sound_feminine
شريفات,sound_feminine
جريحات,sound_feminine
نجيبات,sound_feminine
ذكيات,sound_feminine
قويات,sound_feminine
مخلصات,sound_feminine
رشيقات,sound_feminine
عفيفات,sound_feminine
جميلات,sound_feminine
فلاحات,sound_feminine
بديعات,sound_feminine
لطيفات,sound_feminine
حزينات,sound_feminine
نظيفات,sound_feminine
خجولات,sound_feminine
صبورات,sound_feminine
كريمات,sound_feminine
حكيمات,sound_feminine
قديرات,sound_feminine
بشوشات,sound_feminine
معذبات,sound_feminine
قانعات,sound_feminine
طويلات,sound_feminine
رقيقات,sound_feminine
ضعيفات,sound_feminine
صادقات,sound_feminine
أمينات,sound_feminine
فطينات,sound_feminine
ماهرات,sound_feminine
محبات,sound_feminine
رحيمات,sound_feminine
نشيطات,sound_feminine
مرحات,sound_feminine
ناعمات,sound_feminine
متواضعات,sound_feminine
حنونات,sound_feminine
سريعات,sound_feminine
ساكنات,sound_feminine
مهندسات,sound_feminine
طبيبات,sound_feminine
مديرات,sound_feminine
معلمات,sound_feminine
مصممات,sound_feminine
كاتبات,sound_feminine
مترجمات,sound_feminine
طالبات,sound_feminine
محاميات,sound_feminine
ناشطات,sound_feminine
رياضيات,sound_feminine
فنانات,sound_feminine
مدرسات,sound_feminine
شرطيات,sound_feminine
ممرضات,sound_feminine
سباحات,sound_feminine
زائرات,sound_feminine
مصورات,sound_feminine
باحثات,sound_feminine
مساعدات,sound_feminine
مدرسات,sound_feminine
مصممات,sound_feminine
مترجمات,sound_feminine
محللات,sound_feminine
مشرفات,sound_feminine
منظمات,sound_feminine
مخططات,sound_feminine
موزعات,sound_feminine
مصورات,sound_feminine
مقدمات,sound_feminine
مدققات,sound_feminine
مفسرات,sound_feminine
طبيبات,sound_feminine
ذكيات,sound_feminine
قويات,sound_feminine
نشيطات,sound_feminine
ظريفات,sound_feminine
عقيمات,sound_feminine
سريعات,sound_feminine
بطيئات,sound_feminine
رشيقات,sound_feminine
رقيقات,sound_feminine
ضعيفات,sound_feminine
كاتبات,sound_feminine
قارئات,sound_feminine
معلمات,sound_feminine
راقصات,sound_feminine
مشاركات,sound_feminine
ناجحات,sound_feminine
مساهمات,sound_feminine
منافسات,sound_feminine
مبادرات,sound_feminine
محبات,sound_feminine
راعيات,sound_feminine
صانعات,sound_feminine
مدخلات,sound_feminine
مخرجات,sound_feminine
منشئات,sound_feminine
مطلقات,sound_feminine
مستخدمات,sound_feminine
مشرفات,sound_feminine
مجريات,sound_feminine
مستقبلات,sound_feminine
مصدرات,sound_feminine
محتفظات,sound_feminine
مساعدات,sound_feminine
محاورات,sound_feminine
مناقشات,sound_feminine
مكاتبات,sound_feminine
مكافحات,sound_feminine
مفاعلات,sound_feminine
معالجات,sound_feminine
غسالات,sound_feminine
قتالات,sound_feminine
ضاربات,sound_feminine
خبازات,sound_feminine
فنانات,sound_feminine
مجسمات,sound_feminine
شاهدات,sound_feminine
طباخات,sound_feminine
قاربات,sound_feminine
سفاحات,sound_feminine
راقيات,sound_feminine
منفذات,sound_feminine
مشرفات,sound_feminine
مراقبات,sound_feminine
مفتشات,sound_feminine
مساعدات,sound_feminine
مدربات,sound_feminine
محررات,sound_feminine
محللات,sound_feminine
متطوعات,sound_feminine
منسقات,sound_feminine
مخططات,sound_feminine
ذكيات,sound_feminine
سريعات,sound_feminine
نشيطات,sound_feminine
طويلات,sound_feminine
راقيات,sound_feminine
قويات,sound_feminine
صادقات,sound_feminine
رشيقات,sound_feminine
كريمات,sound_feminine
عفيفات,sound_feminine
حريصات,sound_feminine
حبيبات,sound_feminine
لطيفات,sound_feminine
ظريفات,sound_feminine
عاشقات,sound_feminine
مدخلات,sound_feminine
صحابيات,sound_feminine
معيدات,sound_feminine
مذيعات,sound_feminine
مترجمات,sound_feminine
مستقبلات,sound_feminine
موظفات,sound_feminine
مستطلعات,sound_feminine
منظمات,sound_feminine
مشاركات,sound_feminine
مبرمجات,sound_feminine
مراجعات,sound_feminine
عداءات,sound_feminine
لاعبات,sound_feminine
شرطيات,sound_feminine
إعلاميات,sound_feminine
محللات,sound_feminine
مشجعات,sound_feminine
منظمات,sound_feminine
مروجات,sound_feminine
منبهات,sound_feminine
محركات,sound_feminine
معدلات,sound_feminine
مراقبات,sound_feminine
منسقات,sound_feminine
مرتبات,sound_feminine
مفكرات,sound_feminine
منقحات,sound_feminine
مفسرات,sound_feminine
إنجازات,sound_feminine
تساؤلات,sound_feminine
عذراوات,sound_feminine
كتيبات,sound_feminine
تعريفات,sound_feminine
حاجات,sound_feminine
ثمرات,sound_feminine
وردات,sound_feminine
ناطقات,sound_feminine
تحقيقات,sound_feminine
كراسات,sound_feminine
بيضاوات,sound_feminine
كمبيوترات,sound_feminine
عالمات,sound_feminine
لقاحات,sound_feminine
متخصصات,sound_feminine
إحصائيات,sound_feminine
رسامات,sound_feminine
محاضرات,sound_feminine
مبرمجات,sound_feminine
فنيات,sound_feminine
مجلات,sound_feminine
مؤمنات,sound_feminine
ساجدات,sound_feminine
تائبات,sound_feminine
مربيات,sound_feminine
حافظات,sound_feminine
مصليات,sound_feminine
متصدقات,sound_feminine
زاهدات,sound_feminine
داعيات,sound_feminine
كلمات,sound_feminine
مبدعات,sound_feminine
مغنيات,sound_feminine
عاشقات,sound_feminine
صفحات,sound_feminine
شاعرات,sound_feminine
جدات,sound_feminine