sentences,token ,target,morph_weight,"BP_type
",meaning ,transliteration
مُبَرْمِجُونَ يُطَوِّرُونَ التَّطْبِيقَاتِ الْحَدِيثَةَ.,مُبَرْمِجُونَ,مُبَرْمِجُونَ,مُفَعْلِلُونَ,جمع المذكر السالم,Programmers,"mubarmijUna
"
مُهَنْدِسُونَ يُشْرِفُونَ عَلَى الْمَشَارِيعِ الْكَبِيرَةِ.,مُهَنْدِسُونَ,مُهَنْدِسُونَ,مُفَعْعِلُونَ,جمع المذكر السالم,Engineers,muhandisUna
حِرَفِيُّونَ يَصْنَعُونَ الْمُنْتَجَاتِ الْيَدَوِيَّةَ.,حِرَفِيُّونَ,حِرَفِيُّونَ,فِعَلِيُّونَ,جمع المذكر السالم,Artisans,hirafiyyUna
صَحَفِيُّونَ يُنْقِلُونَ الْأَخْبَارَ بِالدِّقَّةِ.,صَحَفِيُّونَ,صَحَفِيُّونَ,فَعَلِيُّونَ,جمع المذكر السالم,Journalists,SaHafiyyUna
فَلَّاحُونَ يَزْرَعُونَ الْحُقُولَ بِاجْتِهَادٍ.,فَلَّاحُونَ,فَلَّاحُونَ,فَعَّالُونَ,جمع المذكر السالم,Farmers,fallAHUna
رَحَّالَون  يَسَافِرُونَ إِلَى بُلْدَانٍ بَعِيدَةٍ.,رَحَّالَون,رَحَّالَون,فَعَّالُونَ,جمع المذكر السالم,Travelers,raHHAlUna
مُحَامُونَ يُدَافِعُونَ عَنِ الْمُتَّهَمِينَ فِي الْمَحَاكِمِ.,مُحَامُونَ,مُحَامُونَ,مُفَاعُونَ,جمع المذكر السالم,Lawyers,muHAmUna
مُدَرِّسُونَ يُعَلِّمُونَ الْأَطْفَالَ فِي الْمَدَارِسِ.,مُدَرِّسُونَ ,مُدَرِّسُونَ ,مُفَعِّلُونَ,جمع المذكر السالم,Teachers,mudarrisUna
مُؤَرِّخُونَ يُوَثِّقُونَ الْأَحْدَاثَ التَّارِيخِيَّةَ.,مُؤَرِّخُونَ,مُؤَرِّخُونَ,مُفَعِّلُونَ,جمع المذكر السالم,Historians,mu'arrikhUna
مُزَارِعُونَ يُرَبُّونَ الْمَزَارِعَ بِحِرْفِيَّةٍ.,مُزَارِعُونَ,مُزَارِعُونَ,مُفَاعِلُونَ,جمع المذكر السالم,Farmers,muzAriEUna
نَجَّارُونَ يَصْنَعُونَ الْأَثَاثَ الْخَشَبِيَّ.,نَجَّارُونَ,نَجَّارُونَ,فَعَّالُونَ,جمع المذكر السالم,Carpenters,najjArUna
رَائِدُونَ يُقُودُونَ الْمَشَارِيعَ النَّاجِحَةَ.,رَائِدُونَ,رَائِدُونَ,فَاعِلُونَ,جمع المذكر السالم,Pioneers,rA'idUna
جُغْرَافِيُّونَ يَدْرُسُونَ التَّضَارِيسَ وَالْمَنَاخَاتِ.,جَغْرَافِيُّونَ,جَغْرَافِيُّونَ,فَعْلَالِيُّونَ,جمع المذكر السالم,Geographers,jaghrAfiyyUna
مُحَلِّلُونَ يُفَسِّرُونَ الْبَيَانَاتِ بِدِقَّةٍ.,مُحَلِّلُونَ ,مُحَلِّلُونَ ,مُفَعِّلُونَ,جمع المذكر السالم,"Analysts

",muHallilUna
مُسَافِرُونَ يَسْتَكْشِفُونَ الْعَالَمَ.,مَسَافِرُونَ,مَسَافِرُونَ,مُفَاعِلُونَ,جمع المذكر السالم,Travelers,masAfirUna
مُسَاعِدُونَ يُقَدِّمُونَ الْعَوْنَ لِلآخَرِينَ.,مُسَاعِدُونَ,مُسَاعِدُونَ,مُفَاعِلُونَ,جمع المذكر السالم,Assistants,musAEidUna
مُسْتَشَارُونَ يُقَدِّمُونَ النَّصِيحَةَ الْمِهْنِيَّةَ.,مُسْتَشَارُونَ,مُسْتَشَارُونَ,مُسْتَفْعَالُونَ,جمع المذكر السالم,Consultants,mustashArUna
لُغَوِيُّونَ يُحَلِّلُونَ نُظُمَ اللُّغَاتِ.,لُغَوِيُّونَ,لُغَوِيُّونَ,فُعَلِيُّونَ,جمع المذكر السالم,Linguists,lughawiyyUna
مُدَرِّبُونَ يُؤَهِّلُونَ الْفِرَقَ لِلمُبَارَيَاتِ.,مُدَرِّبُونَ,مُدَرِّبُونَ,مُفَعِّلُونَ,جمع المذكر السالم,Coaches,mudaribUna
مُمَثِّلُونَ يُؤَدُّونَ الأَدْوَارَ عَلَى الْمَسَارِحِ.,مُمَثِّلُونَ,مُمَثِّلُونَ,مُفَعِّلُونَ,جمع المذكر السالم,Actors,mumaththilUna
سَائِقُونَ يَقُودُونَ السَّيَّارَاتِ بِحَذَرٍ.,سَائِقُونَ,سَائِقُونَ,فَاعِلُونَ,جمع المذكر السالم,Drivers,sA'iqUna
مُحَكِّمُونَ يُفَصِّلُونَ بَيْنَ الْمُتَنَازِعِينَ.,مَحْكِّمُونَ,مَحْكِّمُونَ,مُفَعِّلُونَ,جمع المذكر السالم,Judges,maHkikUna
مَسْؤُولُونَ يُنَظِّمُونَ شُؤُونَ الْمُؤَسَّسَاتِ.,مَسْؤُولُونَ,مَسْؤُولُونَ,مَفْعُولُونَ,جمع المذكر السالم,Responsible,mas'UlUna
رَاعُونَ يَرْعَوْنَ الْمَوَاشِيَ فِي الْمَرَاعِي.,رَاعُونَ,رَاعُونَ,فَاعُونَ,جمع المذكر السالم,Shepherds,rAEUna
نَاشِطُونَ يُنَظِّمُونَ الْحَمَلَاتِ الْإِنْسَانِيَّةَ.,نَاشِطُونَ,نَاشِطُونَ,فَاعِلُونَ,جمع المذكر السالم,Active,nAshitUna
مُصَوِّرُونَ يُوَثِّقُونَ اللَّحَظَاتِ بِالصُّوَرِ.,مُصَوِّرُونَ,مُصَوِّرُونَ,مُفَعِّلُونَ,جمع المذكر السالم,Photographers,muS.awwirUna
رِيَاضِيُّونَ يُشَارِكُونَ فِي الْمُسَابَقَاتِ.,رِيَاضِيُّونَ,رِيَاضِيُّونَ,فِعَالِيُّونَ,جمع المذكر السالم,Athletes,riyADiyyUna
مُعَلِّمُونَ يُنِيرُونَ دُرُوبَ الْعِلْمِ.,مُعَلِّمُونَ,مُعَلِّمُونَ,مُفَعِّلُونَ,جمع المذكر السالم,Educators,muEallimUna
مُعَالِجُونَ يُقَدِّمُونَ الرِّعَايَةَ الصِّحِّيَّةَ.,مُعَالِجُونَ,مُعَالِجُونَ,مُفَاعِلُونَ,جمع المذكر السالم,Therapists,muEAlijUna
مُتَسَابِقُونَ يَتَنَافَسُونَ فِي السِّبَاقِ.,مُتَسَابِقُونَ,مُتَسَابِقُونَ,مُتَفَاعِلُونَ,جمع المذكر السالم,Competitors,mutasAbiqUna
مُوَظَّفُونَ يُؤَدُّونَ وَاجِبَاتِهِمْ بِانْتِظَامٍ.,مُوَظَّفُونَ,مُوَظَّفُونَ,مُفَعَّلُونَ,جمع المذكر السالم,Employees,muwaZZafUna
نَاخِبُونَ يُدْلُونَ بِأَصْوَاتِهِمْ فِي الِانْتِخَابَاتِ.,نَاخِبُونَ,نَاخِبُونَ,فَاعِلُونَ,جمع المذكر السالم,Voters,nAkhibUna
طَيَّارُونَ يُقِيلُونَ الرُّكَّابَ فِي الرِّحْلَاتِ الْجَوِّيَّةِ.,طَيَّارُونَ,طَيَّارُونَ,فَعَّالُونَ,جمع المذكر السالم,Pilots,TayyArUna
جَرَّاحُونَ يُجْرُونَ الْعَمَلِيَّاتِ الْجِرَاحِيَّةَ بِمَهَارَةٍ.,جَرَّاحُونَ,جَرَّاحُونَ,فَعَّالُونَ,جمع المذكر السالم,Surgeons,jarrAHUna
مُحَارِبُونَ يُدَافِعُونَ عَنِ الْوَطَنِ بِشَجَاعَةٍ.,مُحَارِبُونَ,مُحَارِبُونَ,مُفَاعِلُونَ,جمع المذكر السالم,Warriors,muHAribUna
فَاعِلُونَ يُبَادِرُونَ إِلَى الْخَيْرِ بِإِخْلَاصٍ.,فَاعِلُونَ,فَاعِلُونَ,فَاعِلُونَ,جمع المذكر السالم,Doers,fAEilUna
مُفَكِّرُونَ يُنَاقِشُونَ الْقَضَايَا الْفِكْرِيَّةَ.,مُفَكِّرُونَ,مُفَكِّرُونَ,مُفَعِّلُونَ,جمع المذكر السالم,Thinkers,mufakkirUna
مُجَاهِدُونَ يُقَاتِلُونَ فِي سَبِيلِ الْحَقِّ.,مُجَاهِدُونَ,مُجَاهِدُونَ,مُفَاعِلُونَ,جمع المذكر السالم,Mujahideen,mujAhidUna
مُحَافِظُونَ يَحْفَظُونَ الْقِيَمَ وَالْأَعْرَافَ.,مُحَافِظُونَ,مُحَافِظُونَ,مُفَاعِلُونَ,جمع المذكر السالم,Conservatives,muHAFiZ.Una
قَتَّالُونَ يُجِيدُونَ الْقِتَالَ فِي الْمَعَارِكِ.,قَتَّالُونَ,قَتَّالُونَ,فَعَّالُونَ,جمع المذكر السالم,Killers,qat~aAluwna
مُصْلِحُونَ يُسَاعِدُونَ فِي حَلِّ النِّزَاعَاتِ.,مُصْلِحُونَ,مُصْلِحُونَ,مُفْعِلُونَ,جمع المذكر السالم,Reformers,muSoliHuwna
مُؤْمِنُونَ يُقِيمُونَ الصَّلَاةَ وَيُؤْتُونَ الزَّكَاةَ.,مُؤْمِنُونَ,مُؤْمِنُونَ,مُفْعِلُونَ,جمع المذكر السالم,Believers,mu&ominuwna
سَاهِرُونَ يُرَاقِبُونَ الْمُدُنَ لَيْلًا.,سَاهِرُونَ,سَاهِرُونَ,فَاعِلُونَ,جمع المذكر السالم,Night Watchers,saAhiruwna
مُجْتَهِدُونَ يُنْجِزُونَ أَعْمَالَهُمْ بِإِتْقَانٍ.,مُجْتَهِدُونَ,مُجْتَهِدُونَ,مُفْتَعِلُونَ,جمع المذكر السالم,Diligent,mujotahiduwna
مُسْلِمُونَ يُحَافِظُونَ عَلَى تَعَالِيمِ دِينِهِمْ.,مُسْلِمُونَ,مُسْلِمُونَ,مُفْعِلُونَ,جمع المذكر السالم,Muslims,musolimuwna
عَامِلُونَ يُنَفِّذُونَ الْمَهَامَّ بِجِدٍّ.,عَامِلُونَ,عَامِلُونَ,فَاعِلُونَ,جمع المذكر السالم,Workers,EaAmiluwna
مُحَاضِرُونَ يُقَدِّمُونَ الْمَعْرِفَةَ لِلطُّلَّابِ.,مُحَاضِرُونَ,مُحَاضِرُونَ,مُفَاعِلُونَ,جمع المذكر السالم,Lecturers,muHaADiruwna
رَائِعُونَ يُبْهِرُونَ الْجَمَاهِيرَ بِإِبْدَاعِهِمْ.,رَائِعُونَ,رَائِعُونَ,فَاعِلُونَ,جمع المذكر السالم,Amazings,rA'iEUna
مُهْتَمُّونَ يُتَابِعُونَ التَّفَاصِيلَ بِدِقَّةٍ.,مُهْتَمُّونَ,مُهْتَمُّونَ,مُفْتَعَّلُونَ,جمع المذكر السالم,Concernedes,muhtammUna
كَاتِبُونَ يُؤَلِّفُونَ الْكُتُبَ الْقَيِّمَةَ.,كَاتِبُونَ,كَاتِبُونَ,فَاعِلُونَ,جمع المذكر السالم,Present,kAtibUna
ٱلْطِّيبُونَ يُسَاعِدُونَ ٱلْجَمِيعَ بِقُلُوبٍ صَافِيَةٍ.,ٱلْطَيبُونَ,طَيبُونَ,فَعِيلُونَ,جمع المذكر السالم,Accused,TayyibUna
ٱلَّلاعِبُونَ تَأَلَّقُوا فِي ٱلْمُبَارَاةِ ٱلْنِّهَائِيَّةِ وَحَقَّقُوا ٱلْفَوْزَ.,ٱلَّلاعِبُونَ,لاعِبُونَ,فَاعِلُونَ,جمع المذكر السالم,Writers,lAEibUna
ٱلصَّادِقُونَ يَكْسِبُونَ اِحْتِرَامَ ٱلْجَمِيعِ بِصِدْقِهِمْ فِي ٱلْقَوْلِ وَٱلْعَمَلِ.,ٱلصَّادِقُونَ,صَّادِقُونَ,فَاعِلُونَ,جمع المذكر السالم,Honest people,S.sAdiqUna
ٱلْفَائِزُونَ صَعِدُوا إِلَى مِنَصَّةِ ٱلتَّكْرِيمِ بِكُلِّ فَخْرٍ.,ٱلْفَائِزُونَ,فَائِزُونَ,فَاعِلُونَ,جمع المذكر السالم,Winners,fA'izUna
ٱلْنَّاجِحُونَ يَحْتَفِلُونَ بِتَفَوُّقِهِمْ فِي ٱلِٱمْتِحَانَاتِ.,ٱلْنَّاجِحُونَ,نَّاجِحُونَ,فَاعِلُونَ,جمع المذكر السالم,Successful people,nAjihUna
ٱلْعَابِدُونَ يَقْضُونَ وَقْتَهُمْ فِي ٱلطَّاعَاتِ وَٱلتَّقَرُّبِ إِلَى ٱللَّهِ.,ٱلْعَابِدُونَ,عَابِدُونَ,فَاعِلُونَ,جمع المذكر السالم,Worshippers,EAbidUna
ٱلْمُتَقِنُونَ لِعَمَلِهِمْ يُحَقِّقُونَ نَتَائِجَ مُبْهِرَةً.,ٱلْمُتَقِنُونَ,مُتَقِنُونَ,مُفْعِلُونَ,جمع المذكر السالم,Proficient people,mutaqinUna
ٱلْمَاهِرُونَ فِي ٱلْبَرْمَجَةِ يَجِدُونَ فُرَصًا مُمْتَازَةً فِي سُوقِ ٱلْعَمَلِ.,ٱلْمَاهِرُونَ,مَاهِرُونَ,فَاعِلُونَ,جمع المذكر السالم,Skilled people,mAhirUna
ٱلْمُخْلِصُونَ يُعْتَمَدُ عَلَيْهِمْ فِي ٱلْأَوْقَاتِ ٱلْحَرِجَةِ.,ٱلْمُخْلِصُونَ,مُخْلِصُونَ,مُفْعِلُونَ,جمع المذكر السالم,Sincere people,muxliSUna
ٱلْمُبْدِعُونَ يَبْتَكِرُونَ حُلُولًا جَدِيدَةً لِلْمَشَاكِلِ ٱلْمُعَقَّدَةِ.,ٱلْمُبْدِعُونَ,مُبْدِعُونَ,مُفْعِلُونَ,جمع المذكر السالم,Creators,mubdiEUna
ٱلطَّويلون تَمَكَّنُوا مِنَ ٱلوُصُولِ إِلَى ٱلْمَكَانَاتِ ٱلْمُرْتَفِعَةِ بِسُهُولَةٍ.,ٱلطَّويلون,طَّويلون,فَعِيلُونَ,جمع المذكر السالم,Tall people,T.awIlUna
ٱلْقَصيرون جَلَسُوا فِي ٱلصَّفِّ ٱلْأَمَامِي لِيَتَمَكَّنُوا مِنَ ٱلرُّؤْيَةِ بِوُضُوحٍ.,ٱلْقَصيرون,قَصيرون,فَعِيلُونَ,جمع المذكر السالم,Short people,qaS.irUna
ٱلْمُحْتَرِفُونَ نَفَّذُوا ٱلْمَشْرُوعَ بِدِقَّةٍ عَالِيَةٍ.,ٱلْمُحْتَرِفُونَ,مُحْتَرِفُونَ,مُفْعِلُونَ,جمع المذكر السالم,Professionals,muHTarifUna
ٱلْفَطِنُونَ يَدْرِكُونَ ٱلْأُمُورَ قَبْلَ حُدُوثِهَا.,ٱلْفَطِنُونَ,فَطِنُونَ,فَعِلُونَ,جمع المذكر السالم,Clever people,faTinUna
ٱلْهَادِئُونَ يُحَافِظُونَ عَلَى تَرْكِيزِهِمْ فِي ٱلْمَوَاقِفِ ٱلصَّعْبَةِ.,ٱلْهَادِئُونَ,هَادِئُونَ,فَاعِلُونَ,جمع المذكر السالم,Calm people,hAdi'Una
ٱلْمُتَعَاوِنُونَ أَنْجَزُوا ٱلْعَمَلَ فِي وَقْتٍ قِيَاسِيٍّ.,ٱلْمُتَعَاوِنُونَ,مُتَعَاوِنُونَ,مُتَفَاعِلُونَ,جمع المذكر السالم,Cooperators,mutaEAwinUna
ٱلْحَرِصُونَ عَلَى ٱلنِّظَامِ يُسَاهِمُونَ فِي تَحْسِينِ بِيئَةِ ٱلْعَمَلِ.,ٱلْحَرِصُونَ,حَرِصُونَ,فَعِلُونَ,جمع المذكر السالم,Eager people,HariS. Una
ٱلْمُبْتَكِرُونَ غَيَّرُوا وُجُوهَ ٱلْعَالَمِ بِاخْتِرَاعَاتِهِمْ.,ٱلْمُبْتَكِرُونَ,مُبْتَكِرُونَ,مُفْعِلُونَ,جمع المذكر السالم,Innovators,mubtakirUna
ٱلْعَادِلُونَ يُحَقِّقُونَ ٱلْتَّوَازُنَ فِي قَرَارَاتِهِمْ.,ٱلْعَادِلُونَ,عَادِلُونَ,فَاعِلُونَ,جمع المذكر السالم,Just people,EAdilUna
ٱلْمُصْلِحُونَ يَسْعَوْنَ إِلَى إِصْلَاحِ مَا فَسَدَ فِي ٱلْمُجْتَمَعِ.,ٱلْمُصْلِحُونَ,مُصْلِحُونَ,مُفْعِلُونَ,جمع المذكر السالم,Reformers,muSliHUna
المُحِبُّونَ يُعَبِّرونَ عن مَشاعِرِهِمْ بِصِدْقٍ وإِخْلاصٍ.,المُحِبُّونَ,مُحِبُّونَ,مُفْعِلُّونَ,جمع المذكر السالم,Loving people,muHibbUna
المُتألِّقونَ يُبْدِعونَ في مَجالاتِ الفَنِّ والْعُلومِ.,المُتألِّقونَ,مُتألِّقونَ,مُتَفَعِّلُونَ,جمع المذكر السالم,Brilliant people,muta'alliqUna
البارِعُونَ يَتَفَوَّقونَ في أَداءِ مَهامِّهِم بِمَهارَةٍ عالِيَةٍ.,البارِعُونَ,بارِعُونَ,فَاعِلُونَ,جمع المذكر السالم,Experts,bAriEUna
المُشارِكونَ يُساهِمونَ في إِنْجاحِ الفَعالِيَّةِ الجَماعِيَّةِ.,المُشارِكونَ,مُشارِكونَ,مُفَاعِلُونَ,جمع المذكر السالم,Participants,mushArikUna
المُتَمَكِّنونَ يَحْكُمونَ الأُمورَ بِثِقَةٍ وَدِرايَةٍ.,المُتَمَكِّنونَ,مُتَمَكِّنونَ,مُتَفَعِّلُونَ,جمع المذكر السالم,Competent people,mutamakkinUna
البائِعُونَ يَعْرِضونَ مُنْتَجاتِهِمْ بِسوقِ المَدينَةِ بِحَيَوِيَّةٍ وَنَشاطٍ.,البائِعُونَ,بَائِعُونَ,فَاعِلُونَ,جمع المذكر السالم,Sellers,bA'iEUna
الرّاجِعونَ يُراجِعونَ بَياناتِهِمْ قَبْلَ تَقْديمِ التَّقارِيرِ.,الرّاجِعونَ,رَاجِعونَ,فَاعِلُونَ,جمع المذكر السالم,Returnees,rAjiEUna
النابِغونَ يَبْتَكِرونَ حُلولًا مُتَطَوِّرَةً لِلمَشاكِلِ المُعَقَّدَةِ.,النابِغونَ,نابِغونَ,فَاعِلُونَ,جمع المذكر السالم,Geniuses,nAbighUna
الماسِحونَ يُنَظِّفونَ الأَرْضِيَّاتِ بِدِقَّةٍ وَانْتِظامٍ.,الماسِحونَ,ماسِحونَ,فَاعِلُونَ,جمع المذكر السالم,Scanners,mAsiHUna
الحائِرونَ يَبْحَثونَ عَنْ إِجاباتٍ شافِيَةٍ لِمَشاكِلِهِمْ.,الحائِرونَ,حائِرونَ,فَاعِلُونَ,جمع المذكر السالم,Confused people,HA'irUna
المُعْتَمِرونَ يُؤَدُّونَ مَنَاسِكَ العُمْرَةِ بِخُشُوعٍ وَتَقْوَى.,المُعْتَمِرونَ,مُعْتَمِرونَ,فَاعِلُونَ,جمع المذكر السالم,Pilgrims,muEtamirUna
المُتَوَكِّلونَ يَعْتَمِدونَ عَلَى اللهِ في كُلِّ أَعْمالِهِمْ.,المُتَوَكِّلونَ,مُتَوَكِّلونَ,مُفْعِلُونَ,جمع المذكر السالم,Trusting people,mutawakkilUna
المُعْتَمَدونَ يَقُومونَ بِمَهامِّهِمْ عَلَى أَكْمَلِ وَجْهِ وَمَسْؤوليَّةٍ.,المُعْتَمَدونَ,مُعْتَمَدونَ,مُتَفَعِّلُونَ,جمع المذكر السالم,Trusted people,muEtamadUna
المُجْبَرونَ يَضْطَرّونَ إِلَى اتِّخاذِ قَراراتٍ صَعْبَةٍ في ظُروفٍ قاسِيَةٍ.,المُجْبَرونَ,مُجْبَرونَ,مُفْعَلُونَ,جمع المذكر السالم,Forced people,mujbarUna
المَقْتولونَ في الحُروبِ يَسْتَحِقُّونَ الذِّكْرَى وَالتَّكْريمَ الأبَدِيَّيْنِ.,المَقْتولونَ,مَقْتولونَ,مُفْعَلُونَ,جمع المذكر السالم,Killed people,maqtUlUna
المُطَلَّقونَ يَعِيشونَ حَياةً جَديدَةً بَعْدَ الطَّلاقِ بِتَفاؤلٍ وَأَمَلٍ.,المُطَلَّقونَ,مُطَلَّقونَ,مَفْعُولُونَ,جمع المذكر السالم,Divorced people,muTallaqUna
الحافِظونَ لِلْقُرْآنِ يَتَعَلَّمونَ آياتِهِ بِتَدَبُّرٍ وَتَرْتيلٍ.,الحافِظونَ,حافِظونَ,مُفَعَّلُونَ,جمع المذكر السالم,Guardians,HAfiZ.unA
المُسوِّرونَ يَحْمونَ المُمتَلَكاتِ مِنَ السَّرْقَةِ بِجُهْدٍ مُسْتَمِرٍّ.,مُسوِّرونَ,مُسوِّرونَ,فَاعِلُونَ,جمع المذكر السالم,Wall-builders,musawwirUna
المَنْكوبونَ يَتَلَقَّونَ المُساعَداتِ مِنَ الجِهاتِ الإِغاثِيَّةِ بِسُرْعَةٍ.,المَنْكوبونَ,مَنْكوبونَ,مُفَعِّلُونَ,جمع المذكر السالم,Calamity-stricken people,mankUbUna
السّاجِدونَ يَلْتَزِمونَ بِأَداءِ الصَّلاةِ بِخُشُوعٍ وَصِدْقٍ.,السّاجِدونَ,ساجِدونَ,مَفْعُولُونَ,جمع المذكر السالم,Those who prostrate,sAjidUna
المُحَمَّلونَ يَحْمِلونَ الأَمْتِعَةَ الثَّقِيلَةَ بِسُهولَةٍ وَتَنْظيمٍ.,المُحَمَّلونَ,مُحَمَّلونَ,فَاعِلُونَ,جمع المذكر السالم,Loaded people,muHammalUna
المُعْتَقَلونَ يَعانُونَ ظُروفًا صَعْبَةً دَاخِلَ السُّجُونِ.,المُعْتَقَلونَ,مُعْتَقَلونَ,مُفَعَّلُونَ,جمع المذكر السالم,Arrested people,muEtaqalUna
المُضْطَرِبونَ يَطْلُبونَ الدَّعْمَ النَّفْسِيَّ لِتَحْسِينِ حالَتِهِمْ.,المُضْطَرِبونَ,مُضْطَرِبونَ,مُفْتَعَلُونَ,جمع المذكر السالم,Disturbed people,muD.TaribUna
المُؤَذِّنونَ يُؤَدُّونَ الأَذانَ بِدِقَّةٍ وَانْتِظامٍ خَمْسَ مَرّاتٍ يَوْمِيًّا.,المُؤَذِّنونَ,مُؤَذِّنونَ,مُفْعَلِلُونَ,جمع المذكر السالم,Muezzins,mu'aDh_dhinUna
السَّجَّانونَ يُرَاقِبونَ السُّجناءَ بِحَزْمٍ وَشِدَّةٍ.,السَّجَّانونَ,سَجَّانونَ,مُفَعِّلُونَ,جمع المذكر السالم,Prison guards,sajjAnUna
المَأْسورونَ يَنْتَظِرونَ تَحْريرَهُمْ بِفَارِغِ الصَّبْرِ وَالأَمَلِ.,المَأْسورونَ,مَأْسورونَ,فَعَّالُونَ,جمع المذكر السالم,Captives,ma'sUrUna
المَكْسورونَ يَسْعَوْنَ لِإِعَادَةِ بِنَاءِ حَياتِهِمْ بَعْدَ الصُّعوباتِ.,المَكْسورونَ,مَكْسورونَ,مَفْعُولُونَ,جمع المذكر السالم,Broken people,maksUrUna
المَنْصُورونَ يَحْتَفِلُونَ بِانْتِصارَاتِهِمْ في ساحَةِ المَعْرَكَةِ.,المَنْصُورونَ,مَنْصُورونَ,مَفْعُولُونَ,جمع المذكر السالم,Victorious people,manS.UrUna
الخَيّاطونَ يَصْنَعونَ المَلابِسَ بِدِقَّةٍ وَإِتْقانٍ.,الخَيّاطونَ,خَيّاطونَ,مَفْعُولُونَ,جمع المذكر السالم,Tailors,khayyAT.UnA
الآكِلونَ يَتَناوَلونَ الطَّعامَ مَعًا في جَوٍّ مِنَ الوُدِّ وَالمَحَبَّةِ.,الآكِلونَ,آكِلونَ,فاعلونَ,جمع المذكر السالم,Eaters,AklUnA
ٱلْجَامِعُونَ يَجْمَعُونَ ٱلْمَعْلُومَاتِ بِدِقَّةٍ وَاِحْتِرَافٍ.,ٱلْجَامِعُونَ,جَامِعُونَ,فاعلونَ,جمع المذكر السالم,Collectors,jAmiCUnA
ٱلدَّارِسُونَ يَجْتَهِدُونَ فِي دِرَاسَتِهِمْ لِتَحْقِيقِ ٱلنَّجَاحِ.,ٱلدَّارِسُونَ,دَارِسُونَ,فاعلونَ,جمع المذكر السالم,Students,dArisUnA
ٱلرَّاكِعُونَ يَخْشَعُونَ فِي صَلَاتِهِمْ بِقُلُوبٍ خَاشِعَةٍ.,ٱلرَّاكِعُونَ,رَاكِعُونَ,فاعلونَ,جمع المذكر السالم,Bowers,rAkiCUnA
ٱلتَّائِبُونَ يَسْعَوْنَ إِلَى ٱلتَّصْلِيحِ وَٱلْتَّغْيِيرِ فِي حَيَاتِهِمْ.,ٱلتَّائِبُونَ,تَائِبُونَ,فاعلونَ,جمع المذكر السالم,Repenters,tA'ibUnA
ٱلْحَامِدُونَ يَشْكُرُونَ ٱللَّهَ عَلَى نِعَمِهِ بِقُلُوبٍ مُمْتَنَّةٍ.,ٱلْحَامِدُونَ,حَامِدُونَ,فاعلونَ,جمع المذكر السالم,Praisers,HAmidUnA
ٱلْمُتَفَكِّرُونَ يُلْقُونَ ٱلنَّظَرَ عَلَى ٱلْأُمُورِ بِعُمقٍ وَتَدَبُّرٍ.,ٱلْمُتَفَكِّرُونَ,مُتَفَكِّرُونَ,متفاعلونَ,جمع المذكر السالم,Thinkers,mutafakkirUnA
ٱلسَّائِلُونَ يَطْلُبُونَ ٱلْمَعْرِفَةَ وَٱلْمُسَاعَدَةَ بِأَدَبٍ وَاحْتِرَامٍ.,ٱلسَّائِلُونَ,سَّائِلُونَ,فاعلونَ,جمع المذكر السالم,Inquirers,sA'ilUnA
ٱلْجَالِسُونَ يَحْتَفِلُونَ بِٱلنَّجَاحِ بَعْدَ ٱلنِّهَايَةِ ٱلْمُبَارَاةِ.,ٱلْجَالِسُونَ,جَالِسُونَ,فاعلونَ,جمع المذكر السالم,Sitters,jAlisUnA
ٱلْحَدَّادُونَ يَصْنَعُونَ ٱلْأَدَوَاتِ وَٱلْأَسْلِحَةَ بِمَهَارَةٍ.,ٱلْحَدَّادُونَ,حَدَّادُونَ,فعّالونَ,جمع المذكر السالم,Blacksmiths,HaddAdUnA
ٱلْخَبَّازُونَ يُعِدُّونَ ٱلْخُبْزَ ٱلطَّازَجَ لِلْمُجْتَمَعِ.,ٱلْخَبَّازُونَ,خَبَّازُونَ,فعّالونَ,جمع المذكر السالم,Bakers,khabbAzUnA
ٱلْعَاقِلُونَ يَتَّخِذُونَ ٱلْقَرَارَاتِ ٱلصَّحِيحَةَ فِي وَقْتِهَا.,ٱلْعَاقِلُونَ,عَاقِلُونَ,فاعلونَ,جمع المذكر السالم,Intelligent ones,CAqilUnA
ٱلذَّاكِرُونَ يَذْكُرُونَ ٱلْمَعْلُومَاتِ بِدِقَّةٍ وَثِقَةٍ.,ٱلذَّاكِرُونَ,ذَاكِرُونَ,فاعلونَ,جمع المذكر السالم,Rememberers,dhAkirUnA
ٱلزَّاهِدُونَ يَتَخَلَّوْنَ عَنْ ٱلْمَلَذَّاتِ لِتَحْقِيقِ ٱلسَّلَامِ ٱلنَّفْسِيِّ.,ٱلزَّاهِدُونَ,زَاهِدُونَ,فاعلونَ,جمع المذكر السالم,Ascetics,zAhidUnA
ٱلْمُمَرِّضُونَ يَسْعَوْنَ لِرِعَايةِ ٱلْمَرْضَى بِٱلْحُبِّ وَٱلْإِخْلَاصِ.,ٱلْمُمَرِّضُونَ,مُمَرِّضُونَ,مفعلّونَ,جمع المذكر السالم,Nurses,mumarridUnA
ٱلْجَاهِدُونَ يُكافِحُونَ مِنْ أَجْلِ ٱلْعَدْلِ وَٱلْحُرِّيَّةِ.,ٱلْجَاهِدُونَ,جَاهِدُونَ,فاعلونَ,جمع المذكر السالم,Strivers,jAhidUnA
ٱلشَّاتِمُونَ يُسَبُّونَ وَلَكِنَّ ٱلْمُجْتَمَعَ يَشْجَعُ ٱلْأَدَبَ وَٱلْحُسْنَ.,ٱلشَّاتِمُونَ,شَاتِمُونَ,فاعلونَ,جمع المذكر السالم,Insulters,shAtimUnA
ٱلْحَاقِدُونَ يَحْمِلُونَ ٱلْحَقْدَ وَٱلْغِلَّةَ فِي قُلُوبِهِمْ.,ٱلْحَاقِدُونَ,حَاقِدُونَ,فاعلونَ,جمع المذكر السالم,Haters,HAqidUnA
ٱلْهَجِينُونَ يُمَزِّجُونَ بَيْنَ ٱلْأَسَالِيبِ وَٱلْأَفْكَارِ ٱلْمُخْتَلِفَةِ.,ٱلْهَجِينُونَ,هَجِينُونَ,فعيلونَ,جمع المذكر السالم,Hybrids,hajInUnA
ٱلْمُوقِنُونَ يَتَّقِدُونَ بِإِيمَانٍ وَثَابِتٍ.,ٱلْمُوقِنُونَ,مُوقِنُونَ,فعْلونَ,جمع المذكر السالم,Certains (Those who are certain),muwqinUnA
ٱلسَّمِينُونَ يَتَنَاوَلُونَ ٱلْغِذَاءَ بِوَزْنٍ وَتَوَازُنٍ لِصِحَّتِهِمْ.,ٱلسَّمِينُونَ,سَمِينُونَ,فعيلونَ,جمع المذكر السالم,Fats,samInUnA
ٱلْخَبِيثُونَ يُلْحِقُونَ ٱلضَّرَرَ بِٱلْآخَرِينَ بِدُونِ شَفَقَةٍ.,ٱلْخَبِيثُونَ,خَبِيثُونَ,فعيلونَ,جمع المذكر السالم,Wicked ones,khabIthUnA
ٱلْمُتَطَوِّعُونَ يُقَدِّمُونَ ٱلْمُسَاعَدَةَ بِإِخْلَاصٍ وَعَزِيمَةٍ.,ٱلْمُتَطَوِّعُونَ,مُتَطَوِّعُونَ,متفعلّونَ,جمع المذكر السالم,Volunteers,mutatawwiCUnA
ٱلْمُحْتَاجُونَ يَطْلُبُونَ ٱلْمُسَاعَدَةَ فِي ٱلْوَقْتِ ٱلْمُنَاسِبِ.,ٱلْمُحْتَاجُونَ,مُحْتَاجُونَ,مفتعلونَ,جمع المذكر السالم,Needy ones,muHtAjUnA
ٱلْمَذْعُورُونَ يَفْرُّونَ مِنَ ٱلْخَوْفِ وَٱلْهَلَعِ بِسُرْعَةٍ.,ٱلْمَذْعُورُونَ,مَذْعُورُونَ,مفعولونَ,جمع المذكر السالم,Panicked ones,madC'urUnA
ٱلْغَاضِبُونَ يُعَبِّرُونَ عَنْ ٱلْغَضَبِ بِصَوْتٍ عَالٍ وَحَرَارَةٍ.,ٱلْغَاضِبُونَ,غَاضِبُونَ,فعالونَ,جمع المذكر السالم,Angry ones,GHAdhibUnA
ٱلْعَجْلَانُونَ يَتَّخِذُونَ ٱلْقَرَارَاتِ بِسُرْعَةٍ غَيْرِ مُمْتَازَةٍ.,ٱلْعَجْلَانُونَ,عَجْلَانُونَ,فعْلانُ,جمع المذكر السالم,Hasty ones,CAjlAnUnA
ٱلْطَّمَّاعُونَ يَسْعَوْنَ لِكَسْبِ ٱلْمَزِيدِ بِغَيْرِ ٱلْحَقِّ.,ٱلْطَّمَّاعُونَ,طَمَّاعُونَ,فعّالونَ,جمع المذكر السالم,Greedy ones,TammAAUnA
ٱلْمُتَخَاذِلُونَ يَتَخَلَّفُونَ عَنْ ٱلْمَسْؤُولِيَّاتِ بِدُونِ ٱلْمُبَالَاةِ.,ٱلْمُتَخَاذِلُونَ,مُتَخَاذِلُونَ,متفعالونَ,جمع المذكر السالم,Slackers,mutakhAdhilUnA
ٱلْمُتَجَاهِلُونَ يَتَغَافَلُونَ عَنْ ٱلْوَاقِعِ وَٱلْمَسْؤُولِيَّاتِ.,ٱلْمُتَجَاهِلُونَ,مُتَجَاهِلُونَ,متفعالونَ,جمع المذكر السالم,Ignorers,mutajAhilUnA
ٱلْزَّائِرُونَ يَزُورُونَ ٱلْمَكَانَ لِلتَّعَلُّمِ وَٱلْاِسْتِفَادَةِ.,ٱلزَّائِرُونَ,زَائِرُونَ,فاعلونَ,جمع المذكر السالم,Visitors,zA'irUnA
ٱلْشَّارِبُونَ يَشْرَبُونَ ٱلْمَاءَ بَعْدَ ٱلْعَمَلِ ٱلشَّاقِّ.,ٱلشَّارِبُونَ,شَارِبُونَ,فاعلونَ,جمع المذكر السالم,Drinkers,shAribUnA
ٱلْمُرْتَجِلُونَ يُقَدِّمُونَ ٱلْخُطَبَ بِدُونِ تَخْطِيطٍ مُسْبَقٍ.,ٱلْمُرْتَجِلُونَ,مُرْتَجِلُونَ,مفتعلونَ,جمع المذكر السالم,Impromptu speakers,murtajilUnA
ٱلْمُنَادُونَ يُنَادُونَ عَلَى ٱلْجَمَاعَةِ بِصَوْتٍ عَالٍ وَوَاضِحٍ.,ٱلْمُنَادُونَ,مُنَادُونَ,فعالونَ,جمع المذكر السالم,Announced ones / Callers,munAdUnA
ٱلْمُعْتَدُونَ يَتَعَدَّونَ عَلَى حُقُوقِ ٱلْآخَرِينَ بِغَيْرِ ٱلْحَقِّ.,ٱلْمُعْتَدُونَ,مُعْتَدُونَ,مفتعلونَ,جمع المذكر السالم,Aggressors,muEtadUnA
ٱلدَّاعُونَ يَدْعُونَ إِلَى ٱلْخَيْرِ وَٱلصَّلَاحِ بِإِخْلَاصٍ.,ٱلدَّاعُونَ,دَاعُونَ,فعالونَ,جمع المذكر السالم,Invokers / Supplicators,dA'UnA
ٱلْمُتَحَمِّسُونَ يَشْجَعُونَ ٱلْفَرِيقَ بِحَمَاسٍ وَطَاقَةٍ كَبِيرَةٍ.,ٱلْمُتَحَمِّسُونَ,مُتَحَمِّسُونَ,متفعّلونَ,جمع المذكر السالم,Enthusiasts,mutahammasUnA
ٱلْمُشَجِّعُونَ يُدْعِمُونَ ٱلْفَرِيقَ فِي ٱلْمُبَارَيَاتِ بِصَوْتٍ عَالٍ.,ٱلْمُشَجِّعُونَ,مُشَجِّعُونَ,مفعّلونَ,جمع المذكر السالم,Encouragers,mushajjicUnA
ٱلْمُتَّهِمُونَ يُوَاجِهُونَ ٱلْمَحْكَمَةَ بِدِفَاعٍ قَوِيٍّ.,ٱلْمُتَّهِمُونَ,مُتَّهِمُونَ,متفعِّلونَ,جمع المذكر السالم,Accusers,muttahimUnA
ٱلْكَاظِمُونَ يَكْتُمُونَ ٱلْغَضَبَ وَيَتَصَرَّفُونَ بِحِكْمَةٍ.,ٱلْكَاظِمُونَ,كَاظِمُونَ,فاعلونَ,جمع المذكر السالم,Suppressors,kAzimUnA
ٱلْعَافُونَ يَسْتَغْفِرُونَ وَيَتَجَاوَزُونَ عَنِ ٱلْأَخْطَاءِ.,ٱلْعَافُونَ,عَافُونَ,فاعلونَ,جمع المذكر السالم,Forgivers,AEAfUnA
ٱلْمُحْسِنُونَ يُحَسِّنُونَ ٱلْعَمَلَ وَيُفْسِحُونَ فِي ٱلْمَعْرُوفِ.,ٱلْمُحْسِنُونَ,مُحْسِنُونَ,مفعِلُونَ,جمع المذكر السالم,Doers of good,muHsInUnA
ٱلْمُكَذِّبُونَ يَرْفُضُونَ ٱلْحَقَّ وَيُعَانِدُونَ ٱلْحَقِيقَةَ.,ٱلْمُكَذِّبُونَ,مُكَذِّبُونَ,مفعِّلونَ,جمع المذكر السالم,Deniers,mukadhdhibUnA
ٱلظَّالِمُونَ يَظْلِمُونَ ٱلْآخَرِينَ بِغَيْرِ ٱلْعَدْلِ.,ٱلظَّالِمُونَ,ظَالِمُونَ,فاعلونَ,جمع المذكر السالم,Oppressors,ZAlimUnA
ٱلْمُسَالِمُونَ يَسْعَوْنَ لِلسَّلَامِ وَٱلْمَوْئِدَةِ بَيْنَ ٱلنَّاسِ.,ٱلْمُسَالِمُونَ,مُسَالِمُونَ,مفاعلونَ,جمع المذكر السالم,Peacemakers,musAlimUnA
ٱلْمُهْتَدُونَ يَسْلُكُونَ ٱلطَّرِيقَ ٱلصَّحِيحَ بِإِيمَانٍ وَيَقِينٍ.,ٱلْمُهْتَدُونَ,مُهْتَدُونَ,مفتَعِلونَ,جمع المذكر السالم,Guided ones,muhtadUnA
ٱلْجَاهِلُونَ يَجْهَلُونَ ٱلْمَعْلُومَاتِ وَيَتَصَرَّفُونَ بِغَيْرِ فَهْمٍ.,ٱلْجَاهِلُونَ,جَاهِلُونَ,فاعلونَ,جمع المذكر السالم,Ignorant ones,jAhilUnA
ٱلْوَاشُونَ يَنْقُلُونَ ٱلْأَخْبَارَ وَيَتَكَلَّمُونَ بِغَيْرِ مَسْؤُولِيَّةٍ.,ٱلْوَاشُونَ,وَاشُونَ,فاعلونَ,جمع المذكر السالم,Informers,wAshUnA
ٱلنَّبِيُّونَ يَرْسِلُونَ ٱلرِّسَالَةَ وَيَهْدُونَ ٱلنَّاسَ إِلَى ٱلْهُدَى.,ٱلنَّبِيُّونَ,نَبِيُّونَ,فعيلونَ,جمع المذكر السالم,Prophets,nabiyyUnA
ٱلْمُتَصَدِّقُونَ يُقَدِّمُونَ ٱلصَّدَقَاتِ لِلْمَسَاكِينِ بِقَلْبٍ طَيِّبٍ.,ٱلْمُتَصَدِّقُونَ,مُتَصَدِّقُونَ,متفعِّلونَ,جمع المذكر السالم,Charity givers,mutasaddiqUnA
ٱلْمَصْرِفِيُّونَ يُدِيرُونَ ٱلْمَصَارِفَ بِكُفَاءَةٍ وَمَهَارَةٍ.,ٱلْمَصْرِفِيُّونَ,مَصْرِفِيُّونَ,مفعِّلِيّونَ,جمع المذكر السالم,Bankers,maSrifiyyUnA
شاهدْتُ المواطنينَ في الحفلِ بِتركيزٍ.,المواطنينَ,مواطنينَ,فاعلينَ,جمع المذكر السالم,Citizens,muwATininA
استقبلَ المدرّسُ الحاضرينَ في الصفِّ بِترحيبٍ.,الحاضرينَ,حاضرينَ,فاعلينَ,جمع المذكر السالم,Attendees,HAdhirinA
رأيتُ المُستَمِعينَ يركّزونَ على الشرحِ جيِّدًا.,المُستَمِعينَ,مُستَمِعينَ,مستفعِلينَ,جمع المذكر السالم,Listeners,mustamiEinA
المُستَمتِعينَ في الحفلِ يضحكونَ بسعادةٍ.,المُستَمتِعينَ,مُستَمتِعينَ,مستفعِلينَ,جمع المذكر السالم,Enjoyers,mustamtiEinA
قابلتُ المدنيينَ في الاجتماعِ بِهدوءٍ.,المدنيينَ,مدنيينَ,فعليينَ,جمع المذكر السالم,Civilians,mudaniyinA
ساعدتُ المدينينَ في تسديدِ ديونِهم.,المدينينَ,مدينينَ,فعليينَ,جمع المذكر السالم,Debtors,mudiyninA
ذكرتُ الغابرينَ في المحاضرةِ السابقةِ.,الغابرينَ,غابرينَ,فاعلينَ,جمع المذكر السالم,Past ones,GHAbirinA
عالجَ الطَّبيبُ المدمنينَ بِعنايةٍ فائقةٍ.,المدمنينَ,مدمنينَ,مفعْلِينَ,جمع المذكر السالم,Addicts,mudmininA
لاحظتُ المنتبهينَ أثناءَ الامتحانِ.,المنتبهينَ,منتبهينَ,مُفعِلِينَ,جمع المذكر السالم,Attentive ones,muntabihinA
دعمنا المبادرينَ في مشروعِ التطويرِ.,المبادرينَ,مبادرينَ,مفعِلِين,جمع المذكر السالم,Initiators,mubAdirInA
اِسْتَمَعْتُ إِلَى المُنذِرِينَ يُحَذِّرُونَ مِنَ الخَطَرِ.,المُنذِرِين,مُنذِرِينَ,مُفعِلِين,جمع المذكر السالم,Warners,mundhirInA
شَاهَدْتُ المُنقِذِينَ وَهُمْ يُنقِذُونَ الضَّحَايَا.,المُنقِذِين,مُنقِذِينَ,مُفعِلِين,جمع المذكر السالم,Rescuers,munqidhInA
احْتَرَمْتُ الصَّابِرِينَ عَلَى صَبْرِهِمُ الطَّوِيلِ.,الصَّابِرِين,صَابِرِينَ,فاعِلِين,جمع المذكر السالم,Patient ones,SAbirInA
قَابَلْتُ المُتَحَدِّينَ فِي المُلْتَقَى الأَخِيرِ.,المُتَحَدِّين,مُتَحَدِّينَ,متفعِّلِين,جمع المذكر السالم,Challengers,mutahaddInA
شَجَّعْتُ المُعْتَنِينَ عَلَى الاسْتِمْرَارِ فِي العَمَلِ.,المُعْتَنِين,مُعْتَنِينَ,مفتعِلِين,جمع المذكر السالم,Caretakers,muEtnInA
رَاقَبْتُ المُرَاقِبِينَ أَثْنَاءَ العَمَلِيَّةِ.,المُرَاقِبِين,مُرَاقِبِينَ,مُفاعِلِين,جمع المذكر السالم,Observers,murAqibInA
قَابَلْتُ المُبَجَّلِينَ فِي الحَفْلِ الرَّسْمِيِّ.,المُبَجَّلِين,مُبَجَّلِينَ,مُفعَّلِين,جمع المذكر السالم,Honored ones,mubajjilInA
شَكَرْنَا المُتَبَرِّعِينَ عَلَى مُسَاهَمَاتِهِمُ السَّخِيَّةِ.,المُتَبَرِّعِين,مُتَبَرِّعِينَ,متفعِّلِين,جمع المذكر السالم,Donors,mutabarriEInA
لَاحَظْتُ المُدَافِعِينَ فِي المَلْعَبِ بِشَجَاعَةٍ.,المُدَافِعِين,مُدَافِعِينَ,مُفاعِلِين,جمع المذكر السالم,Defenders,mudAfiEInA
حَفَّزْتُ المُتَفَوِّقِينَ عَلَى الاسْتِمْرَارِ بِالتَّفَوُّقِ.,المُتَفَوِّقِين,مُتَفَوِّقِينَ,متفعِّلين,جمع المذكر السالم,Outstanding ones,mutafawwiqInA
رَأَيْتُ المُنْتَظِرِينَ عِنْدَ المَحَطَّةِ بِصَبْرٍ.,المُنْتَظِرِين,مُنْتَظِرِينَ,مفتعِلِين,جمع المذكر السالم,Awaiters,muntazhirInA
تَحَدَّثْتُ مَعَ الصَّابِئِينَ عَنْ مُعْتَقَدَاتِهِمْ.,الصَّابِئِين,صَابِئِينَ,فاعِلِين,جمع المذكر السالم,Converts (to a different religion),SAbi'InA
تَجَاهَلْتُ الخَاسِئِينَ بَعْدَ الهَزِيمَةِ.,الخَاسِئِين,خَاسِئِينَ,فاعِلِين,جمع المذكر السالم,Despised ones,khAsi'InA
دَعَمْنَا الخَاسِرِينَ بَعْدَ المُبَارَاةِ.,الخَاسِرِين,خَاسِرِينَ,فاعِلِين,جمع المذكر السالم,Losers,khAsirInA
لَاحَظْتُ المُتَّقِينَ فِي العَمَلِ بِدِقَّةٍ.,المُتَّقِين,مُتَّقِينَ,متفعِّلين,جمع المذكر السالم,Pious ones,muttaqInA
اِسْتَمَعْتُ إِلَى النَّاظِرِينَ وَهُمْ يُنَاقِشُونَ المَوْضُوعَ.,النَّاظِرِين,نَاظِرِينَ,فاعِلِين,جمع المذكر السالم,Observers,nAzhirInA
قَابَلْتُ الأُمِّيِّينَ فِي الوِرْشَةِ التَّعْلِيمِيَّةِ.,الأُمِّيِّين,أُمِّيِّينَ,فعيلِين,جمع المذكر السالم,Illiterate people,ummiyyInA
شَجَّعْتُ المُعْرِضِينَ عَلَى عَرْضِ أَعْمَالِهِمْ.,المُعْرِضِين,مُعْرِضِينَ,مُفعِلِين,جمع المذكر السالم,Avoiders,muEriDInA
اِسْتَدْعَيْتُ الشَّاهِدِينَ لِلإِدْلَاءِ بِشَهَادَاتِهِمْ.,الشَّاهِدِين,شَاهِدِينَ,فاعِلِين,جمع المذكر السالم,Witnesses,shAhidInA
رَأَيْتُ المُشْرِكِينَ فِي السُّوقِ بِوُضُوحٍ.,المُشْرِكِين,مُشْرِكِينَ,مُفعِلِين,جمع المذكر السالم,Polytheists,mushrikInA
نَادَيْتُ الكَافِرِينَ لِكَيْ يَسْتَمِعُوا إِلَى الدَّرْسِ.,الكَافِرِين,كَافِرِينَ,فاعِلِين,جمع المذكر السالم,Disbelievers,kAfirInA
وَاجَهْتُ الكَاذِبِينَ بِالحَقِيقَةِ الوَاضِحَةِ.,الكَاذِبِين,كَاذِبِينَ,فاعِلِين,جمع المذكر السالم,Liars,kAdhibInA
رَأَيْتُ الطَّائِفِينَ يَتَجَوَّلُونَ فِي المَدِينَةِ.,الطَّائِفِين,طَائِفِينَ,فاعِلِين,جمع المذكر السالم,Circumambulators,T.A'ifInA
لَاحَظْتُ القَانِتِينَ وَهُمْ يُؤَدُّونَ صَلَاتَهُمْ بِخُشُوعٍ.,القَانِتِين,قَانِتِينَ,فاعِلِين,جمع المذكر السالم,Devout ones,qAnitInA
شَاهَدْتُ العَاكِفِينَ فِي المَسْجِدِ مُتَأَمِّلِينَ.,العَاكِفِين,عَاكِفِينَ,فاعِلِين,جمع المذكر السالم,Devotees,CAkifInA
تَحَدَّثْتُ مَعَ المُلحِدِينَ عَنْ مُعْتَقَدَاتِهِمْ بِمَوْضُوعِيَّةٍ.,المُلحِدِين,مُلحِدِينَ,فاعِلِين,جمع المذكر السالم,Atheists,mulhidInA
اِتَّبَعْتُ المُصْطَفِينَ فِي عَمَلِ الخَيْرِ بِقُلُوبٍ صَادِقَةٍ.,المُصْطَفِين,مُصْطَفِينَ,مُفعِلِين,جمع المذكر السالم,Chosen ones,muSTafInA
قَرَأْتُ عَنْ الصَّالِحِينَ وَأَفْعَالِهِمْ فِي التَّارِيخِ.,الصَّالِحِين,صَالِحِينَ,مُفعِلِين,جمع المذكر السالم,Righteous ones,SAliHInA
شَجَّعْتُ الحَنِيفِينَ عَلَى الثَّبَاتِ عَلَى الحَقِّ.,الحَنِيفِين,حَنِيفِينَ,فاعِلِين,جمع المذكر السالم,Monotheists,HanifInA
دَعَمْتُ المُخْلِصِينَ فِي عَمَلِهِمْ بِنَشَاطٍ وَحَمَاسٍ.,المُخْلِصِين,مُخْلِصِينَ,فاعِلِين,جمع المذكر السالم,Sincere ones,muxliSInA
اِسْتَفَدْتُ مِنْ نَصَائِحِ العَارِفِينَ فِي المَجَالِ العِلْمِيِّ.,العَارِفِين,عَارِفِينَ,فاعِلِين,جمع المذكر السالم,Knowers,CArifInA
تَابَعْتُ تَحْلِيلَاتِ المُمتَرِينَ بِحَذَرٍ وَتَرْكِيزٍ.,المُمتَرِين,مُمتَرِينَ,مُفعِلِين,جمع المذكر السالم,Doubters,mumtarInA
سَاعَدْتُ القَادِرِينَ عَلَى إِنْجَازِ مَهَمَّتِهِمْ بِسُرْعَةٍ.,القَادِرِين,قَادِرِينَ,فاعِلِين,جمع المذكر السالم,Able ones,qAdirInA
شَكَرْتُ الشَّاكِرِينَ عَلَى تَعَاوُنِهِمْ وَدَعْمِهِمْ المُتَوَاصِلِ.,الشَّاكِرِين,شَاكِرِينَ,فاعِلِين,جمع المذكر السالم,Thankful ones,shAkirInA
لَاحَظْتُ رُدُودَ فِعْلِ السَّاخِرِينَ فِي النِّقَاشِ الأَخِيرِ.,السَّاخِرِين,سَاخِرِينَ,فاعِلِين,جمع المذكر السالم,Mockers,sAkhirInA
تَجَاهَلْتُ تَعْلِيقَاتِ المُسْتَهْزِئِينَ وَعَدَمَ احْتِرَامِهِمْ.,المُسْتَهْزِئِين,مُسْتَهْزِئِينَ,فاعِلِين,جمع المذكر السالم,Scoffers,mustahziEInA
زُرْتُ القَرِيبِينَ فِي العَائِلَةِ أَمْسِ.,القَرِيبِين,قَرِيبِينَ,مُفعِلِين,جمع المذكر السالم,Close ones,qaribInA
اِلْتَقَيْتُ بِالمُقَرَّبِينَ مِنَ القَائِدِ فِي الاجْتِمَاعِ.,بِالمُقَرَّبِين,مُقَرَّبِينَ,مُفعِلِين,جمع المذكر السالم,Brought-near ones,muqarrabInA
تَحَدَّثْتُ عَنِ البَعِيدِينَ الَّذِينَ يَعِيشُونَ فِي المَنَاطِقِ النَّائِيَةِ.,البَعِيدِين,بَعِيدِينَ,فاعِلِين,جمع المذكر السالم,Distant ones,baEidInA
كرّمتُ ٱلْأَوَّلِينَ في المدرسةِ لمجهوداتهمِ.,ٱلْأَوَّلِينَ,أَوَّلِينَ,أَفْعَلِينَ,جمع المذكر السالم,The first ones,awwAlInA
قابلتُ ٱلْآخَرِينَ في الملتقى الأسبوعي.,ٱلْآخَرِينَ,آخَرِينَ,آفَعِلِينَ,جمع المذكر السالم,The last ones,AkhArInA
تابعتُ ٱلْتَّابِعِينَ بدقةٍ واهتمامٍ.,ٱلْتَّابِعِينَ,تَابِعِينَ,فَاعِلِينَ,جمع المذكر السالم,The followers,tAbEInA
شكرتُ ٱلْفَاضِلِينَ على جهودهم المباركة.,ٱلْفَاضِلِينَ,فَاضِلِينَ,فَاعِلِينَ,جمع المذكر السالم,The virtuous ones,fAdilInA
واجهتُ ٱلْغَاصِبِينَ في المحكمةِ بالدليلِ الواضحِ.,ٱلْغَاصِبِينَ,غَاصِبِينَ,فَاعِلِينَ,جمع المذكر السالم,The usurpers,GHAsibInA
نددتُ بوجود ٱلْمُحْتَلِّينَ في الأراضي المحتلة.,ٱلْمُحْتَلِّينَ,مُحْتَلِّينَ,مُفْتَعِلِينَ,جمع المذكر السالم,The occupiers,muHtallInA
حكمت المحكمةُ ضد ٱلظَّالِمِينَ بعد التحقيقِ.,ٱلظَّالِمِينَ,ظَالِمِينَ,فَاعِلِينَ,جمع المذكر السالم,The wrongdoers,ZAlimInA
قاومتُ ٱلْقَاهِرِينَ بكل قوةٍ وشجاعةٍ.,ٱلْقَاهِرِينَ,قَاهِرِينَ,فَاعِلِينَ,جمع المذكر السالم,The conquerors,qAhirInA
اعتمدتُ على آراء ٱلصَّارِمِينَ في اتخاذ القرار.,ٱلصَّارِمِينَ,صَارِمِينَ,فَاعِلِينَ,جمع المذكر السالم,The resolute ones,SArimInA
قبضت الشرطة على ٱلسَّارِقِينَ بعد التحقيقِ.,ٱلسَّارِقِينَ,سَارِقِينَ,فَاعِلِينَ,جمع المذكر السالم,The thieves,SAriqInA
رأيتُ ٱلشَّارِبِينَ في الحفلةِ يُحتَسُونَ العصير.,ٱلشَّارِبِينَ,شَارِبِينَ,فَاعِلِينَ,جمع المذكر السالم,The drinkers,shAribInA
شاهدتُ ٱلْفَنَّانِينَ في معرض الفن الحديث.,ٱلْفَنَّانِينَ,فَنَّانِينَ,فَعَّالِينَ,جمع المذكر السالم,The artists,fannAnInA
تواصلتُ مع ٱلْحَسَّاسِينَ لفهم مشاعرهم.,ٱلْحَسَّاسِينَ,حَسَّاسِينَ,فَعَّالِينَ,جمع المذكر السالم,The sensitive ones,HassAsInA
دعمتُ ٱلطَّمُوحِينَ لتحقيق أهدافهم.,ٱلطَّمُوحِينَ,طَمُوحِينَ,فَعُولِينَ,جمع المذكر السالم,The ambitious ones,TamUhInA
شجعتُ ٱلْمُتَحَمِّسِينَ قبل المباراة.,ٱلْمُتَحَمِّسِينَ,مُتَحَمِّسِينَ,مُتَفَعِّلِينَ,جمع المذكر السالم,The enthusiastic ones,mutahammisInA
استمعتُ إلى آراء ٱلْسَّامِعِينَ بإنصاف.,ٱلْسَّامِعِينَ,سَامِعِينَ,فَاعِلِينَ,جمع المذكر السالم,The hearers,sAmEInA
حاولتُ تهدئة ٱلْغَضْبَانِينَ بعد الحادث.,ٱلْغَضْبَانِينَ,غَضْبَانِينَ,فَعْلَانِينَ,جمع المذكر السالم,The angry ones,GHaDbanInA
لاحظتُ تصرفات ٱلْعَجْلَانِينَ في الاجتماعات.,ٱلْعَجْلَانِينَ,عَجْلَانِينَ,فَعْلَانِينَ,جمع المذكر السالم,The hasty ones,CAjlAnInA
قابلتُالنَعَّاسِينَ بعد رحلة طويلة.,النَعَّاسِينَ,نَعَّاسِينَ,فَعَّالِينَ,جمع المذكر السالم,The sleepy ones,naCCAsInA
تجنبتُ التعامل مع ٱلْطَّمَّاعِينَ في الأعمال التجارية.,ٱلْطَّمَّاعِينَ,طَمَّاعِينَ,فَعَّالِينَ,جمع المذكر السالم,The greedy ones,TammAEinA
ساعدتُ ٱلْمَكْسُورِينَ على الشفاء بسرعة.,ٱلْمَكْسُورِينَ,مَكْسُورِينَ,مَفْعُولِينَ,جمع المذكر السالم,The broken ones,maksUrInA
شاهدتُ ٱلرِّيَاضِيِّينَ يتنافسون في البطولة.,ٱلرِّيَاضِيِّينَ,رِيَاضِيِّينَ,فِعَالِيِّينَ,جمع المذكر السالم,The athletes,riyAdiyyInA
درستُ خرائطَ ٱلْجُغْرَافِيِّينَ بعناية.,ٱلْجُغْرَافِيِّينَ,جُغْرَافِيِّينَ,فُعَالِيِّينَ,جمع المذكر السالم,The geographers,jughrAfiyyInA
أشرفتُ على عمل ٱلْفَنِّيينَ في المشروع.,ٱلْفَنِّيينَ,فَنِّيينَ,فَعِّلِين,جمع المذكر السالم,The technicians,fanniyyInA
قرأتُ أبحاثَ ٱلْمُؤَرِّخِينَ عن العصور الوسطى.,ٱلْمُؤَرِّخِينَ,مُؤَرِّخِينَ,مُفَعِّلِينَ,جمع المذكر السالم,The historians,mu'arrikhInA
استقبلتُ ٱلْمُسَافِرِينَ في المطار بأجواء من الترحيب.,ٱلْمُسَافِرِينَ,مُسَافِرِينَ,مُفَاعِلِينَ,جمع المذكر السالم,The travelers,musAfirInA
رأيتُ ٱلْمُجْبَرِينَ على قبول الظروف بصبرٍ.,ٱلْمُجْبَرِينَ,مُجْبَرِينَ,مُفْعَلِينَ,جمع المذكر السالم,The forced ones,mujbarInA
شهدتُ محاكمة ٱلْمَقْتُولِينَ ظلماً.,ٱلْمَقْتُولِينَ,مَقْتُولِينَ,مَفْعُولِينَ,جمع المذكر السالم,The killed ones,maqtUlInA
نقلتُ الحقائق إلى ٱلْمَحْمُولِينَ عبر التقارير.,ٱلْمَحْمُولِينَ,مَحْمُولِينَ,مَفْعُولِينَ,جمع المذكر السالم,The carried ones,maHmUlInA
ساعدتُ ٱلْمَنْكُوبِينَ بعد الكارثة.,ٱلْمَنْكُوبِينَ,مَنْكُوبِينَ,مَفْعُولِينَ,جمع المذكر السالم,The afflicted ones,mankUbInA
انتظرتُ إطلاق سراح ٱلْمَأْسُورِينَ من السجن.,ٱلْمَأْسُورِينَ,مَأْسُورِينَ,مَفْعُولِينَ,جمع المذكر السالم,The imprisoned ones,ma’sUrInA
التقيتُ بـ ٱلْمَسْرُورِينَ في الحفل.,ٱلْمَسْرُورِينَ,مَسْرُورِينَ,مَفْعُولِينَ,جمع المذكر السالم,The joyful ones,masrUrInA
مواستُ ٱلْحَزِينِينَ في مصابهم.,ٱلْحَزِينِينَ,حَزِينِينَ,فَعِيلِينَ,جمع المذكر السالم,The sad ones,HazInInA
رأيتُ ٱلْمُذْعُورِينَ يهربون من الخطر.,ٱلْمُذْعُورِينَ,مُذْعُورِينَ,مُفْعُولِينَ,جمع المذكر السالم,The terrified ones,mudh’UrInA
لم أتعامل مع ٱلْمُتَخَاذِلِينَ في المشروع.,ٱلْمُتَخَاذِلِينَ,مُتَخَاذِلِينَ,مُتَفَاعِلِينَ,جمع المذكر السالم,The negligent ones,mutakhAdhilInA
لاحظتُ اهتمام ٱلْمُهْتَمِّينَ بالتفاصيل.,ٱلْمُهْتَمِّينَ,مُهْتَمِّينَ,مُفْتَعِلِينَ,جمع المذكر السالم,The concerned ones,muhtammInA
راقبتُ تصرفات ٱلْمُضْطَرِبِينَ في المواقف الحرجة.,ٱلْمُضْطَرِبِينَ,مُضْطَرِبِينَ,مُفْعَلِبِينَ,جمع المذكر السالم,The disturbed ones,muDtaribInA
زرتُ ٱلْمُعْتَقَلِينَ في السجن.,ٱلْمُعْتَقَلِينَ,مُعْتَقَلِينَ,مُفْتَعِلِينَ,جمع المذكر السالم,The detainees,mu’tAqalInA
قابلتُ ٱلْمُطَلَّقِينَ لمناقشة قضاياهم.,ٱلْمُطَلَّقِينَ,مُطَلَّقِينَ,مُفَعَّلِينَ,جمع المذكر السالم,The divorced ones,muTallaqInA
قدمتُ المساعدة لـ ٱلْمُحْتَاجِينَ بلا تردد.,ٱلْمُحْتَاجِينَ,مُحْتَاجِينَ,مُفْتَعِلِينَ,جمع المذكر السالم,The needy ones,muHtAjInA
تابعتُ قضايا ٱلْمَحْكُومِينَ في المحكمة.,ٱلْمَحْكُومِينَ,مَحْكُومِينَ,مَفْعُولِينَ,جمع المذكر السالم,The convicted ones,maHkUmInA
حُكم على ٱلْقَاتِلِينَ بالسجن المؤبد.,ٱلْقَاتِلِينَ,قَاتِلِينَ,فَاعِلِينَ,جمع المذكر السالم,The killers,qAtilInA
زرتُ ٱلْمُعَمَّرِينَ في دار المسنين.,ٱلْمُعَمَّرِينَ,مُعَمَّرِينَ,مُفَعَّلِينَ,جمع المذكر السالم,The elderly ones,mu‘ammarInA
استجوبتُ ٱلْمُتَّهِمِينَ في القضية الأخيرة.,ٱلْمُتَّهِمِينَ,مُتَّهِمِينَ,مُتَفَعِّلِينَ,جمع المذكر السالم,The accusers,muttahimInA
تحدثتُ مع ٱلْمُوَظَّفِينَ حول تحديثات العمل.,ٱلْمُوَظَّفِينَ,مُوَظَّفِينَ,مُفَعَّلِينَ,جمع المذكر السالم,The employees,muwaZzafInA
شاهدتُ أداء ٱلْمُتَسَابِقِينَ في السباق.,ٱلْمُتَسَابِقِينَ,مُتَسَابِقِينَ,مُتَفَاعِلِينَ,جمع المذكر السالم,The competitors,mutasAbiqInA
اعتمدتُ على نصائح ٱلْمُصْلِحِينَ لإصلاح المشاكل.,ٱلْمُصْلِحِينَ,مُصْلِحِينَ,مُفْعِلِينَ,جمع المذكر السالم,The reformers,muSliHInA
أشرتُ إلى إنجازات ٱلْمُبْدِعِينَ في المجال الفني.,ٱلْمُبْدِعِينَ,مُبْدِعِينَ,مُفْعِلِينَ,جمع المذكر السالم,The innovators,mubdi‘InA
شكرتُ ٱلْمُتَعَاوِنِينَ على دعمهم المستمر.,ٱلْمُتَعَاوِنِينَ,مُتَعَاوِنِينَ,مُتَفَاعِلِينَ,جمع المذكر السالم,The cooperative ones,muta‘AwInInA
تجاهلتُ كلام ٱلْمُسِيئِينَ في النقاش.,ٱلْمُسِيئِينَ,مُسِيئِينَ,مُفْعِلِينَ,جمع المذكر السالم,The offenders,musiy’InA
نبهتُ ٱلْمُسْرِفِينَ إلى ضرورة ترشيد الاستهلاك.,ٱلْمُسْرِفِينَ,مُسْرِفِينَ,مُفْعِلِينَ,جمع المذكر السالم,The extravagant ones,musrifInA
شـاهَـدْتُ مُفْلِحينَ يُحَقِّقونَ النَّجاحَ الدَّائِمَ.,مُفْلِحينَ,مُفْلِحينَ,مُفْعِلِينَ,جمع المذكر السالم,The successful ones,muflihInA
أَدْرَكْتُ فاسِقينَ وَهُمْ يَرْتَكِبونَ المَعاصِيَ.,فاسِقينَ,فاسِقينَ,فاعِلِينَ,جمع المذكر السالم,The sinners,fAsiqInA
اسْتَمَعْتُ إِلى مُنافِقينَ يُحاوِلونَ الخِداعَ.,مُنافِقينَ,مُنافِقينَ,مُفاعِلِينَ,جمع المذكر السالم,The hypocrites,munafiqInA
رَأَيْتُ مُتَجافينَ يَتَجَنَّبونَ بَعْضَهُمْ البَعْضَ.,مُتَجافينَ,مُتَجافينَ,مُتَفَاعِلِينَ,جمع المذكر السالم,The aloof ones,mutjAfiynA
قابَلْتُ مُتَحابينَ في اللِّقاءِ بِفَرَحٍ.,مُتَحابينَ,مُتَحابينَ,مُتَفَاعِلِينَ,جمع المذكر السالم,The loving ones,mutHAbinA
شـاهَـدْتُ مُتَنازِعينَ يَتَخاصَمونَ بِقُوَّةٍ.,مُتَنازِعينَ,مُتَنازِعينَ,مُتَفَاعِلِينَ,جمع المذكر السالم,The disputers,mutnAzE‘inA
احْتَرَمْتُ مُتَسامِحينَ بَعْدَ النِّزاعِ.,مُتَسامِحينَ,مُتَسامِحينَ,مُتَفَاعِلِينَ,جمع المذكر السالم,The forgiving ones,mutasAmHinA
رَأَيْتُ مُتَباكِينَ عَلى فُقْدانِ أَحِبّائِهِمْ.,مُتَباكِينَ,مُتَباكِينَ,مُتَفَاعِلِينَ,جمع المذكر السالم,The weepers,mutbAkInA
الْتَقَيْتُ مُتَواصِلينَ في الاجْتِماعاتِ الدَّوْرِيَّةِ.,مُتَواصِلينَ,مُتَواصِلينَ,مُتَفَاعِلِينَ,جمع المذكر السالم,The communicators,mutwASilInA
شـاهَـدْتُ مُتَصافينَ يَتَصافَحونَ بَعْدَ الخِلافِ.,مُتَصافينَ,مُتَصافينَ,مُتَفَاعِلِينَ,جمع المذكر السالم,The reconciled ones,mutSAfinA
شارَكْتُ في لِقاءٍ مَعَ مُتَشاوِرينَ لِاتِّخاذِ القَرارِ.,مُتَشاوِرينَ,مُتَشاوِرينَ,مُتَفَعِّلِينَ,جمع المذكر السالم,The consultative ones,mutshAwirInA
لاحَظْتُ مُتَبَتِّلينَ في العِبادَةِ وَالخُشوعِ.,مُتَبَتِّلينَ,مُتَبَتِّلينَ,مُتَفَاعِلِينَ,جمع المذكر السالم,The devout ones,mutabattilInA
حَفَّزْتُ مُتَسامِحينَ عَلى التَّسامُحِ في المُجْتَمَعِ.,مُتَسامِحينَ,مُتَسامِحينَ,مُفْعِلِينَ,جمع المذكر السالم,The forgiving ones,mutasAmHinA
اسْتَمَعْتُ إِلى مُقْسِطينَ في حُكْمِهِمْ بِالعَدْلِ.,مُقْسِطينَ,مُقْسِطينَ,مُفَعِّلِينَ,جمع المذكر السالم,The just ones,muqsItInA
قابَلْتُ مُسَوِّفينَ في الحَمْلَةِ التَّوْعَوِيَّةِ.,مُسَوِّفينَ,مُسَوِّفينَ,مُتَفَاعِلِينَ,جمع المذكر السالم,The procrastinators,musawwifInA
رَأَيْتُ مُتَقاسِمينَ لِلْمَهامِّ يَعْمَلونَ بِتَعاوُنٍ.,مُتَقاسِمينَ,مُتَقاسِمينَ,مُتَفَاعِلِينَ,جمع المذكر السالم,The sharers,mutaqAsimInA
شَجَّعْتُ مُتَفاعِلينَ عَلى المُشارَكَةِ الفَعّالَةِ.,مُتَفاعِلينَ,مُتَفاعِلينَ,مُتَفَاعِلِينَ,جمع المذكر السالم,The interactors,mutafA‘ilInA
الْتَقَيْتُ مُتَفائِلينَ رَغْمَ الظُّروفِ الصَّعْبَةِ.,مُتَفائِلينَ,مُتَفائِلينَ,مُتَفَاعِلِينَ,جمع المذكر السالم,The optimistic ones,mutafA’ilInA
شـاهَـدْتُ مُتَقاتِلينَ في ساحَةِ المَعْرَكَةِ.,مُتَقاتِلينَ,مُتَقاتِلينَ,فَاعِلِينَ,جمع المذكر السالم,The fighters,mutaqAtilInA
اسْتَمَعْتُ إِلى مُتَساهِلينَ في تَخْفيفِ العُقوباتِ.,مُتَساهِلينَ,مُتَساهِلينَ,فَعَّالِينَ,جمع المذكر السالم,The lenient ones,mutasAhilInA
شاهدتُ ٱلْراقِصِينَ في الحفل الأخير.,ٱلْراقِصِينَ,راقِصِينَ,مُفَعِّلِينَ,جمع المذكر السالم,The dancers,rAqiSInA
استمعتُ إلى عزف ٱلطَّبَّالِينَ بحماس.,ٱلطَّبَّالِينَ,طَّبَّالِينَ,مُفَعِّلِينَ,جمع المذكر السالم,The drummers,TabbAlInA
استمتعتُ بأداء ٱلْمُغَنِّينَ في المهرجان.,ٱلْمُغَنِّينَ,مُغَنِّينَ,مُفَعِّلِينَ,جمع المذكر السالم,The singers,mughannInA
شجعتُ ٱلْمُنَظِّمِينَ على العمل الجماعي.,ٱلْمُنَظِّمِينَ,مُنَظِّمِينَ,فَعَّالَيْنِ,جمع المذكر السالم,The organizers,munAzzimInA
شاهدتُ عمل ٱلْمُنَظِّفِينَ في تنظيف المكان.,ٱلْمُنَظِّفِينَ,مُنَظِّفِينَ,أَفْعَلِينَ,جمع المذكر السالم,The cleaners,munAzzifInA
شكرتُ ٱلْخدَّامَين على خدمتهم الممتازة.,ٱلْخَدَّامَين,خَدَّامَين,مُتَفَعِّلِينَ,جمع المذكر السالم,The servants,khaddAmAyn
استقبلتُ ٱلْأَحْمَدِينَ في المجلس.,ٱلْأَحْمَدِينَ,أَحْمَدِينَ,فَاعِلِينَ,جمع المذكر السالم,The Ahmeds,’AHmadInA
راقبتُ تصرفات ٱلْمُتَطَهِّرِينَ في المسجد.,ٱلْمُتَطَهِّرِينَ,مُتَطَهِّرِينَ,مُتَفَاعِلِينَ,جمع المذكر السالم,The purified ones,mutTaHHirInA
شاهدتُ ٱلْخَاشِعِينَ في الصلاة بخشوع.,ٱلْخَاشِعِينَ,خَاشِعِينَ,مُتَفَاعِلِينَ,جمع المذكر السالم,The humble ones,khAsh‘InA
تحدثتُ مع ٱلْمُتَرَاحِمِينَ حول التعاون.,ٱلْمُتَرَاحِمِينَ,مُتَرَاحِمِينَ,مُتَفَاعِلِينَ,جمع المذكر السالم,The merciful ones,mutrAHimInA
قابلتُ ٱلْمُتَعَاقِدِينَ لتجديد العقود.,ٱلْمُتَعَاقِدِينَ,مُتَعَاقِدِينَ,مُتَفَاعِلِينَ,جمع المذكر السالم,The contractors,muta‘AqidInA
تحدثتُ إلى ٱلْمُتَسَامِرِينَ طوال الليل.,ٱلْمُتَسَامِرِينَ,مُتَسَامِرِينَ,فَاعِلِينَ,جمع المذكر السالم,The conversers,mutasAmirInA
تواصلتُ مع ٱلْمُتَوَاصِلِينَ عبر البريد الإلكتروني.,ٱلْمُتَوَاصِلِينَ,مُتَوَاصِلِينَ,فَاعِلِينَ,جمع المذكر السالم,The connected ones,mutwASilInA
دعمتُ ٱلْقَاسِمِينَ في المبادرة الجديدة.,ٱلْقَاسِمِينَ,قَاسِمِينَ,فَاعِلِينَ,جمع المذكر السالم,The dividers,qAsimInA
هاجمتُ ٱلْقَارِعِينَ في المباراة بحيوية.,ٱلْقَارِعِينَ,قَارِعِينَ,فَاعِلِينَ,جمع المذكر السالم,The strikers,qAri‘InA
قابلتُ ٱلطَّالِعِينَ في اللقاء التعريفي.,ٱلطَّالِعِينَ,طَّالِعِينَ,فَاعِلِينَ,جمع المذكر السالم,The ascenders,TTAli‘InA
شاركتُ مع ٱلنَّازِلِينَ في المنافسة.,ٱلنَّازِلِينَ,نَّازِلِينَ,فَاعِلِينَ,جمع المذكر السالم,The descenders,nAzilInA
قاومتُ ٱلْغَاشِمِينَ في النزاع الأخير.,ٱلْغَاشِمِينَ,غَاشِمِينَ,مُتَفَاعِلِينَ,جمع المذكر السالم,The oppressors,ghAshimInA
أوقفتُ ٱلْكَاسِرِينَ قبل وقوع الضرر.,ٱلْكَاسِرِينَ,كَاسِرِينَ,مُتَفَعِّلِينَ,جمع المذكر السالم,The breakers,kAsirInA
شاهدتُ سرعة ٱلْمُتَسَارِعِينَ في السباق.,ٱلْمُتَسَارِعِينَ,مُتَسَارِعِينَ,مُتَفَعِّلِينَ,جمع المذكر السالم,The accelerators,mutasAri‘InA
تحدثتُ مع ٱلْمُتَوَاضِعِينَ عن التواضع في الحياة.,ٱلْمُتَوَاضِعِينَ,مُتَوَاضِعِينَ,مُتَفَعِّلِينَ,جمع المذكر السالم,The humble ones,mutwAD‘i‘InA
تجاهلتُ كلام ٱلْمُتَكَبِّرِينَ في النقاش.,ٱلْمُتَكَبِّرِينَ,مُتَكَبِّرِينَ,مُفَعِّلِينَ,جمع المذكر السالم,The arrogant ones,mutakabbirInA
تحدثتُ إلى ٱلْمُتَحَرِّرِينَ عن حرية الفكر.,ٱلْمُتَحَرِّرِينَ,مُتَحَرِّرِينَ,مُفَعِّلِينَ,جمع المذكر السالم,The liberated ones,mutaHarrirInA
أشرتُ إلى إنجازات ٱلْمُوَسِّعِينَ في المشروع.,ٱلْمُوَسِّعِينَ,مُوَسِّعِينَ,فَاعِلِينَ,جمع المذكر السالم,The expanders,muwassi‘InA
شجعتُ ٱلْمُنَسِّقِينَ على تحسين العمل الجماعي.,ٱلْمُنَسِّقِينَ,مُنَسِّقِينَ,فَاعِلِينَ,جمع المذكر السالم,The coordinators,munassiqInA
اعتمدتُ على ٱلْقَائِمِينَ بإدارة القسم.,ٱلْقَائِمِينَ,قَائِمِينَ,فَاعِلِينَ,جمع المذكر السالم,The upright ones,qA’imInA
استمعتُ إلى آراء ٱلْحَازِمِينَ بحكمة.,ٱلْحَازِمِينَ,حَازِمِينَ,مُفْعِلِينَ,جمع المذكر السالم,The resolute ones,HAzimInA
ناقشتُ قرارات ٱلْجَازِمِينَ في الاجتماع.,ٱلْجَازِمِينَ,جَازِمِينَ,مُفَاعِلِينَ,جمع المذكر السالم,The decisive ones,jAzimInA
وثقتُ بكرم ٱلْمُنْفِقِينَ في العطاء.,ٱلْمُنْفِقِينَ,مُنْفِقِينَ,مُتَفَاعِلِينَ,جمع المذكر السالم,The spenders,munfiqInA
التقيتُ ٱلْمُقَابِلِينَ في جلسة الحوار.,ٱلْمُقَابِلِينَ,مُقَابِلِينَ,مُتَفَاعِلِينَ,جمع المذكر السالم,The opponents,muqAbilInA