sentence,token,target,morph_weight,meaning,Blural-type,transliteration
الطّالِباتُ فِي الصَّفِّ الأَوَّلِ مُتَفُوِّقَاتٌ جِدًّا .,الطّالِباتُ,طالِبَات,فَاعِلات,Female students,جمع مؤنث سالم,TAlbAt
اجْتَمَعَتْ الطَّبيباتُ فِي غُرْفَةِ الِاجْتِماعاتِ . , الطَّبيباتُ,طبيبات,فَعِيلات,Female doctors,جمع مؤنث سالم,TbybAt
المُعَلِّماتُ يُقَدَّمْنَ دَوْراتٍ تَدْريبيَّةً عَبْرَ الإِنْتَرْنِتْ ., المُعَلِّماتُ,معلمات,مُفَعِّلات,Female teachers,جمع مؤنث سالم,mElmAt
إِنَّ الحَسَناتِ يُذْهِبْنَ السَّيِّئَاتِ ., الحَسَناتُ,حسناتِ,فَعَلات,Good deeds,جمع مؤنث سالم,HsnAti
 التَقَتْ الفَنَّانَاتُ فِي مَهْرَجانِ الفَنِّ الحَديثِ . ,الفَنَّانَاتُ,فنانات,فَعَّالات,Female artists,جمع مؤنث سالم,fnAnAt
الْمُؤَرِّخَاتُ يَدْرُسْنَ تَارِيخَ الشُّعوبِ القَديمَةِ .,الْمُؤَرَّخَاتُ,مؤرخات,مُفَعِّلات,Female historians,جمع مؤنث سالم,m&rxAt
 عَمِلَتْ الْمُهَنَّدَسَاتُ فِي تَصْميمِ الجِسْرِ الجَديدِ . ,الْمُهَنَّدَسَاتُ,مهندسات,مُفَعْلِلات,Female engineers,جمع مؤنث سالم,mhndsAt
الْمُتَرَجِّمَاتُ يَتَرَجْمِنُ المَقَالَاتِ مِنْ الإِنْجِليزيَّةِ .,الْمُتَرَجِّمَاتُ,مترجمات,مُفَعْلِلات,Female translators,جمع مؤنث سالم,mtrjmAt
الطَّاهِيَاتُ يَحْضُرْنَ المَأْكُولَاتِ لِوَجْبَةِ العِشاءِ . ,الطَّاهِيَاتُ,طاهيات,فَاعِلات,Female chefs,جمع مؤنث سالم,TAhyAt
 الرِّيَاضِيَّاتُ يَتَسابَقُن فِي البُطولَةِ الدّوَليَّةِ ., الرِّيَاضِيَّاتُ ,رياضيات,فِعَالِيَّات,Female athletes,جمع مؤنث سالم,ryADyAt
الكاتِباتُ يَكْتَبِنُ عَنْ قِصَصِ النَّجاحِ والْإِلْهامِ . , الكاتِباتُ,كاتبات,فَاعِلات,Female writers,جمع مؤنث سالم,kAtbAt
الْمُدَرَّبَاتُ يُقَدَّمْنَ نَصائِحَ قيمَةً لِلَّاعِبَاتٍ ., الْمُدَرَّبَاتُ,مدربات,مُفَعِّلات,Female coaches,جمع مؤنث سالم,mdrbAt
اَلْزُهُراتُ تَمْلَأُ الحَديقَةَ بِرَوائِحِها الجَميلَةِ ., اَلْزُهُراتُ,زهرات,فَعَلات,Flowers,جمع مؤنث سالم,zhrAt
 الْعَازِفَاتُ يُقَدَّمْنَ أَلْحَانَاتٍ سَاحِرَاتٍ فِي الحَفْلِ الموسيقيِّ . ,الْعَازِفَاتُ ,عَازِفات,فَاعِلات,female musicians,جمع مؤنث سالم,EaAzifAt
اَلْمُصَمِّماتُ يَبْتَكِرِنُ تَصَامِيمَ عَصْريَّةً وَجَديدَةً . , اَلْمُصَمِّماتُ ,مصممات,مُفَعِّلات,Female designers,جمع مؤنث سالم,mSmmAt
 العَدّاءاتُ يُشَارِكْنَ فِي سِباقِ الْمَارَاثُونِ .,العَدّاءاتُ,عداءات,فَعَّالات,Female runners,جمع مؤنث سالم,EdA'At
الباحِثاتُ يَبْحَثُنَ فِي أَبْحاثٍ جَديدَةٍ وَمُهِمَّةٍ . , الباحِثاتُ,باحثات,فَاعِلات,Female researchers,جمع مؤنث سالم,bAHvAt
المديرات يخططن لمستقبل الشركات.,الْمُدِيرَاتُ ,مديرات,فَعِيلات,Female managers,جمع مؤنث سالم,mdyrAt
قَامَتْ اَلْصَحَفيّاتُ بِتَغْطيَةِ الأَحْداثِ الأَخيرَةِ ., اَلْصَحَفيّاتُ,صحفيات,فَعِيلات,Female journalists,جمع مؤنث سالم,SHfyAt
السَّبَاحَاتُ يَتَدَرْبَنُ فِي حَمّامِ السِّباحَةِ يَوْمِيًّا .,السَّبَاحَاتُ,سباحات,فَعالات,Female swimmers,جمع مؤنث سالم,sbAHAt
الشاعرات يلقين شعرهن في المسابقة الكبرى.,الشاعرات,شاعرات,فَاعِلات,Female poets,جمع مؤنث سالم,$AErAt
المبدعات يُنتِجن أعمالًا فنية مبتكرة.,المبدعات,مبدعات,مُفْعِلات,Creative women,جمع مؤنث سالم,mbdEAt
التقت الناشطات في مؤتمر حقوق الإنسان.,الناشطات,ناشطات,فَاعِلات,Female activists,جمع مؤنث سالم,nA$TAt
فازتِ الطالباتُ المجتهداتُ في المسابقةِ العلميةِ.,المجتهداتُ,"مُجْتَهَدات
",مُفْتَعِلات,Hardworking,جمع مؤنث سالم,mujtahidat
حَضَرنَ الموظفاتُ مبكرًا إلى مقرِّ العملِ.,الموظفاتُ,موظفاتُ,مُفَعَّلات,Female employees,جمع مؤنث سالم,hndAt
تجولتِ السائحاتُ في شوارعِ المدينةِ القديمةِ بانبهار.,السائحاتُ,سائحاتُ,فَاعِلات,female tourists,جمع مؤنث سالم,rqyAt
شاهدت دجاجات في المزرعة.,دجاجات,دجاجات,فَعَلات,Hens,جمع مؤنث سالم,djAjAt
زرعت ورقات شجرية في الحديقة.,ورقات,ورقات,فَعَلات,Leaves,جمع مؤنث سالم,wrqAt
يفضل الناس شجرات التفاح على غيرها.,شجرات,شجرات,فَعَلات,Apple trees,جمع مؤنث سالم,$jrAt
جلبت مرضعات الأطفال الرضع إلى المركز الطبي.,مرضعات,مرضعات,مُفْعِلات,Female nurses,جمع مؤنث سالم,mrDEAt
قابلت طالقات في المحكمة بعد الظهر.,طالقات,طالقات,فَاعِلات,Divorced women,جمع مؤنث سالم,TAlqAt
وَلُودَاتٌ كَثيراتٌ فِي المَدينَةِ قَدْ أَصْبَحْنَ أُمَّهاتٍ .,ولودات,ولودات,فَعُولات,Women who give birth,جمع مؤنث سالم,wlwdAt
"سكنتِ الكلماتُ قلوبَ القارئاتِ كما يسكنُ النسيمُ بين أغصانِ الشجر.

", القارئاتِ,قارئاتِ,فَاعِلات,Memories,جمع مؤنث سالم,*kryAt
"أوصى النبيُّ بالرحمةِ في معاملةِ الأمهاتِ والجارِيات.

",الجارِيات,جارِيات,فَاعِلات,Hospitals,جمع مؤنث سالم,mst$fyAt
أحببت صحراوات واسعة وجدتها في الرحلة.,صحراوات,صحراوات,فَعْلاوَات,Deserts,جمع مؤنث سالم,SHrAwAt
حِسْنَاوَاتٌ يُقَدَّمْنَ عُرُوضًا مُدْهِشَةً فِي المَسْرَحِ .,حسناوات,حسناوات,فَعْلاوَات,Beautiful women,جمع مؤنث سالم,HsnAwAt
لاحَظَتْ سَمْرَاوَاتَ فِي الحَدائِقِ العامَّةِ .,سمراوات,سمراوات,فَعْلاوَات,Dark-skinned women,جمع مؤنث سالم,smrAwAt
"حافظتِ الصحابياتُ على تعاليمِ الإسلامِ بكلِّ صدقٍ وإخلاص.

", الصحابياتُ,صحابياتُ,فِعَالِيَّات,People named Hamza,جمع مؤنث سالم,HmzAt
"درستِ العالماتُ آثارَ التغيرِ المناخيِّ على البيئةِ بدقةٍ.

",العالماتُ,عالماتُ,فَاعِلات,People named Talha,جمع مؤنث سالم,TlHAt
"اكتشفتِ الفلكياتُ كوكبًا جديدًا باستخدامِ أحدثِ التلسكوبات.

",التلسكوبات,تلسكوبات,,People named Muawiya,جمع مؤنث سالم,mEAwyAt
شاهقات الجبال تحيط بالقرية من كل جانب.,شاهقات,شاهقات,فَاعِلات,Tall mountains,جمع مؤنث سالم,$AhqAt
باهضات الأسعار جعلت الكثير من الناس يشتكون.,باهضات,باهضات,فَاعِلات,Expensive things,جمع مؤنث سالم,bAhDAt
نادينا راسيات السفينة على الشاطئ.,راسيات,راسيات,فَاعِلات,Ships' hulls,جمع مؤنث سالم,rAsyAt
لم ينجح أحد في إكرامات العرض.,إكرامات,إكرامات,إِفْعَالَات,Honors,جمع مؤنث سالم,<krAmAt
اجتهادات الطلاب أكسبتهم تقدير المعلمين.,اجتهادات,اجتهادات,افْتِعَالَات,Efforts,جمع مؤنث سالم,AjthAdAt
اجتمع تفاعلات العوامل الطبيعية في تكوين المناظر.,تفاعلات,تفاعلات,تَفَاعُلات,Interactions,جمع مؤنث سالم,tfAElAt
استعملنا بروتينات جديدة في المشروع البحثي.,بروتينات,بروتينات,فُعِيلَات,Proteins,جمع مؤنث سالم,brwtynAt
تناولنا فيتامينات متعددة لحماية صحتنا.,فيتامينات,فيتامينات,فِعَالِينات,Vitamins,جمع مؤنث سالم,fytAmynAt
جمعت بعض وَرَقات الشجر لصنع عمل فني.,وَرَقات,وَرَقات,فَعَلات,Leaves,جمع مؤنث سالم,waraqAt
قطفنا أجمل ثَمَرات من الحديقة.,ثَمَرات,ثَمَرات,فَعَلات,Fruits,جمع مؤنث سالم,vamarAt
جمع الأطفال حَصَيَاتٍ ناعمة من الطريق.,حَصَيَات,حَصَيَات,فَعَلات,Stones,جمع مؤنث سالم,HaSayaAt
حصلت على أعلى دَرَجات في الامتحانات النهائية.,دَرَجات,دَرَجات,فَعَلات,Degrees,جمع مؤنث سالم,darajAt
الشَجَرات في الحديقة تُزهِر بألوانٍ جميلة.,الشَجَرات,شَجَرات,فَعَلات,Trees,جمع مؤنث سالم,$ajarAt
النَّاجِحات في المسابقة حصلن على جوائزٍ مميزة.,النَّاجِحات,ناجِحات,فَاعِلات,Successful women,جمع مؤنث سالم,nAjiHAt
الحمَامَات الطائرَات في السماء تبدو رائعة.,الحمَامَات,حمَامَات,فَعَالات,Doves,جمع مؤنث سالم,HmaAmaAt
الطَالبَات المتفوقات في الصف دومًا يجتهدن في دراستهن.,الطَالبَات,طَالبَات,فَاعِلات,Female students,جمع مؤنث سالم,TaAlbaAt
الحَائِزَات على المراكز الأولى في المنافسة تم تكريمهنّ.,الحَائِزَات,حَائِزَات,فَاعِلات,Winners,جمع مؤنث سالم,HaA}izaAt
الموظفات في الشركة يبذلن جهدًا كبيرًا لتطوير العمل.,الموظفات,موظفات,مُفَعَّلات,Female employees,جمع مؤنث سالم,mwZfAt
المُؤمنات يُؤدين الصلاة في المساجد بانتظام.,المؤمنات,مؤمنات,مُفْعِلات,Believing women,جمع مؤنث سالم,m&mnAt
المحاميات في المحكمة يتمتعن بخبرة كبيرة في القضايا القانونية.,المحاميات,محاميات,مُفاعِلات,Female lawyers,جمع مؤنث سالم,mHAmyAt
الرائدات في مجال الفضاء حققن إنجازات مذهلة.,الرائدات,رائدات,فَاعِلات,Female pioneers,جمع مؤنث سالم,rA}dAt
المتطوِّعات في الحملة ساعدن في جمع التبرعات للمحتاجين.,المتطوِّعات,متطوِّعات,مُتَفَعِّلات,Female volunteers,جمع مؤنث سالم,mtTwi~EAt
المدرسات في المدارس الابتدائية لديهن طُرق تدريس متميزة.,المدرسات,مدرسات,مُفَعِّلات,Female teachers,جمع مؤنث سالم,mdrsAt
الْجَنْدِيَّاتُ فِي الجَيْشِ قَدَّمْنَ خِدْماتٍ بُطوليَّةً أَثْناءَ العَمَلِيَّاتِ اَلْعَسْكَريَّةِ .,الجنديات,جنديات,فِعَالِيّات,Female soldiers,جمع مؤنث سالم,jndyAt
المخرجات في السينما قدمن أفلامًا تلامس قلوب المشاهدين.,المخرجات,مخرجات,مُفْعِلات,Female directors,جمع مؤنث سالم,mxrjAt
حلَّقتِ الفراشاتُ بين الزهورِ كأنها لحنُ الطبيعةِ الصامت., الفراشاتُ,فراشاتُ,فَعالات,Girls,جمع مؤنث سالم,ftyAt
الطالبات اللواتي شاركن في المسابقة أظهرن مستوى عالٍ من الإبداع.,الطالبات,طالبات,فَاعِلات,Female students,جمع مؤنث سالم,TAlbAt
القائدات في الفرق الرياضية حققن نتائج مذهلة في البطولات.,القائدات,قائدات,فَاعِلات,Female leaders,جمع مؤنث سالم,qA}dAt
الخريجات في الجامعات يحصلن على فرص عمل كبيرة.,الخريجات,خريجات,مُفْعِلات,Female graduates,جمع مؤنث سالم,xryjAt
الجريحات في المستشفى يتلقين العلاج اللازم بعد الحادث.,الجريحات,جريحات,فَعِيلات,Injured women,جمع مؤنث سالم,jryHAt
العاملات في المصنع يساهمن في زيادة الإنتاج بكفاءة عالية.,العاملات,عاملات,فَاعِلات,Female workers,جمع مؤنث سالم,EAmlAt
اللاجئات في المخيم يعيشون في ظروف صعبة ويحتاجون إلى الدعم.,اللاجئات,لاجئات,فَاعِلات,Refugee women,جمع مؤنث سالم,lAj}At
الأمهات العاملات في المجتمع يلعبن دورًا كبيرًا في تربية الأطفال.,العاملات ,عاملات ,فَاعِلات,Mothers,جمع مؤنث سالم,>mhAt
الممثلات في العرض المسرحي قدمن أداءً مميزًا أمام الجمهور.,الممثلات,ممثلات,مُفَعِّلات,Female actresses,جمع مؤنث سالم,mmvlAt
المبتكرات في العلوم يقدمن اختراعات تسهم في تحسين الحياة.,المبتكرات,مبتكرات,مُفْتَعِلات,Innovators (women),جمع مؤنث سالم,mbtkrAt
الفائزات في المسابقة عبرن عن سعادتهن بفوزهن في المسابقة.,الفائزات,فائزات,فَاعِلات,Winners (women),جمع مؤنث سالم,fA}zAt
المعماريات في الشركة قدمن تصاميم رائعة للمباني الجديدة.,المعماريات,معماريات,مِفْعالِيّات,Female architects,جمع مؤنث سالم,mEmAryAt
البائعات في المتجر يقدمن خدمة ممتازة للعملاء.,البائعات,بائعات,فَاعِلات,Female salespersons,جمع مؤنث سالم,bA}EAt
المُكَرَّمَاتُ فِي الحَفْلِ قَدَّمْنْ كَلِماتِ شُكْرٍ وامْتِنانٍ عَلَى التَّقْديرِ اَلَّذِي حَصَلْنَ عَلَيْهُ .,المكرمات,مكرمات,مُفَعَّلات,Honored women,جمع مؤنث سالم,mkrmAt
القارئات في المكتبة يفضلن الكتب الثقافية والروائية.,القارئات,قارئات,فَاعِلات,Female readers,جمع مؤنث سالم,qAr}At
الراعيات في الحقل يزرعن المحاصيل بعناية شديدة.,الراعيات,راعيات,فَاعِلات,Female farmers,جمع مؤنث سالم,rAEyAt
المساعدات في الفريق يقدمن الدعم الفني والخدمات اللوجستية.,المساعدات,مساعدات,مُفَاعِلات,Female assistants,جمع مؤنث سالم,msAEdAt
الكاتبات يبدعن في كتابة الروايات الهادفة.,الكاتِبَات,كاتِبَات,فَاعِلات,writers,جمع مؤنث سالم,kAtibaAt
المعلِّمات يبذلن جهدًا كبيرًا في تعليم الطلاب.,المعلِّمَات,معلِّمَات,مُفَعِّلات,teachers,جمع مؤنث سالم,mEl~imaAt
القارئات يجدن متعة في استكشاف الكتب الجديدة.,القارِئَات,قارِئَات,فَاعِلات,readers,جمع مؤنث سالم,qAri}aAt
المبدِعات يصممن أعمالًا فنية رائعة.,المبدِعَات,مبدِعَات,مُفْعِلات,"creators, innovators",جمع مؤنث سالم,mbdiEaAt
الباحثات يقدمن دراسات علمية متميزة.,الباحِثَات,باحِثَات,فَاعِلات,researchers,جمع مؤنث سالم,bAHivaAt
المديرات يشرفن على تنظيم العمل بكفاءة.,المدِيرَات,مدِيرَات,فَاعِلات,managers,جمع مؤنث سالم,mdiyraAt
المدرِّسات يقدمن الشروحات بطريقة مبسطة.,المدرِّسَات,مدرِّسَات,مُفَعِّلات,"instructors, female teachers",جمع مؤنث سالم,mdr~isaAt
الشاعرات يكتبن أبياتًا مليئة بالمشاعر.,الشاعِرَات,شاعِرَات,فَاعِلات,poets,جمع مؤنث سالم,$AEiraAt
الفائزات حصلن على جوائز تقديرية لإنجازاتهن.,الفَائِزَات,فَائِزَات,فَاعِلات,winners,جمع مؤنث سالم,faA}izaAt
الممثلات قدمن أدواراً مؤثرة في المسرح.,المُمَثِّلات,مُمَثِّلات,مُفَعِّلات,actresses,جمع مؤنث سالم,mumav~ilAt
المحاميات يدافعن عن حقوق المظلومين بشجاعة.,المحامِيات,محامِيات,مُفاعِلات,lawyers,جمع مؤنث سالم,mHAmiyAt
الممرضات يسهرن على راحة المرضى ليلاً ونهارًا.,الممرِّضَات,ممرِّضَات,مُفَعِّلات,nurses,جمع مؤنث سالم,mmr~iDaAt
المرشدات يقدمن نصائح قيّمة للطلاب الجدد.,المرشِدَات,مرشِدَات,مُفْعِلات,"guides, counselors",جمع مؤنث سالم,mr$idaAt
المصممات يعملن على تصميم ملابس بأحدث الصيحات.,المصمِّمَات,مصمِّمَات,مُفَعِّلات,designers,جمع مؤنث سالم,mSm~imaAt
المخترعات يبتكرن حلولاً لمشاكل المجتمع.,المخترِعَات,مخترِعَات,مُفْتَعِلات,inventors,جمع مؤنث سالم,mxtriEaAt
المطربات يؤدين الأغاني بإحساس جميل.,المطربَات,مطربَات,مُفْعِلات,singers,جمع مؤنث سالم,mTrbaAt
السباحات يتدربن يوميًا استعدادًا للبطولات.,السَبَّاحَات,سَبَّاحَات,فَعَّالات,swimmers,جمع مؤنث سالم,sab~aAHaAt
المساعدات يقدمن يد العون للمحتاجين.,المساعِدَات,مساعِدَات,مُفَاعِلات,assistants,جمع مؤنث سالم,msAEidaAt
الحافظات يتقنَّ تلاوة القرآن الكريم.,الحافِظَات,حافِظَات,فَاعِلات,"preservers, keepers",جمع مؤنث سالم,HAfiZaAt
الرائدات يسعين لتغيير المجتمع للأفضل.,الرَائِدَات,رَائِدَات,فَاعِلات,pioneers,جمع مؤنث سالم,raA}idaAt
المجتهدات يحققن أعلى الدرجات في الاختبارات.,المجتهِدَات,مجتهِدَات,مُفْتَعِلات,"diligent women, hard workers",جمع مؤنث سالم,mjthidaAt
العاملات يساهمن في تحسين الاقتصاد الوطني.,العَامِلات,عَامِلات,فَاعِلات,workers,جمع مؤنث سالم,EaAmilAt
المتطوعات يعملن على مساعدة الفقراء في الجمعيات الخيرية.,المتطوِّعَات,متطوِّعَات,مُتَفَعِّلات,volunteers,جمع مؤنث سالم,mtTw~iEaAt
الناشطات يدافعن عن حقوق المرأة في المجتمع.,النَّاشِطَات,ناشِطَات,فَاعِلات,activists,جمع مؤنث سالم,nA$iTaAt
المراقبات يتأكدن من تطبيق القوانين في المدرسة.,المُرَاقِبَات,مُرَاقِبَات,مُفاعِلات,"observers, supervisors",جمع مؤنث سالم,muraAqibaAt
الراعيات يهتممن بالأطفال في دور الأيتام.,الرَاعِيات,رَاعِيات,فَاعِلات,"caretakers, shepherds",جمع مؤنث سالم,raAEiyAt
المحاضرات يلقين ندوات علمية في الجامعات.,المُحَاضِرَات,مُحَاضِرَات,مُفاعِلات,"lecturers, speakers",جمع مؤنث سالم,muHaADiraAt
المكرمات حصلن على شهادات تقدير لإنجازاتهن.,المُكَرَّمَات,مُكَرَّمَات,مُفَعِّلات,honored women,جمع مؤنث سالم,mukar~amaAt
المتحدثات ألقين كلمات ملهمة في المؤتمر.,المتحدِّثَات,متحدِّثَات,فَاعِلات,"speakers, spokespersons",جمع مؤنث سالم,mtHd~ivaAt
اللاعبات تألقن في نهائي البطولة.,اللاعبَات,لاعبَات,فَاعِلات,female players,جمع مؤنث سالم,lAEbaAt
الصانعات يعملن على تطوير منتجات جديدة.,الصَّانِعَات,صانِعَات,فَاعِلات,"makers, creators",جمع مؤنث سالم,SAniEaAt
اللاعبات تألقن في نهائي البطولة.,اللاعبات,لاعبات,فَاعِلات,players,جمع مؤنث سالم,mujotahadAt
الكافلات يحرصن على رعاية الأيتام.,الكافِلَات,كافِلَات,فَاعِلات,"sponsors, guardians",جمع مؤنث سالم,kAfilaAt
المحسنات يساهمن في المشاريع الخيرية.,المُحسِنَات,مُحسِنَات,فَاعِلات,"benefactors, philanthropists",جمع مؤنث سالم,muHsinaAt
الخبيرات يقدمن استشارات في مجالاتهن.,الخَبِيرَات,خَبِيرَات,فَاعِلات,experts,جمع مؤنث سالم,xabiyraAt
الزائرات قدمن التهاني للمرضى في المستشفى.,الزَّائِرَات,زائِرَات,فَاعِلات,visitors,جمع مؤنث سالم,zA}iraAt
المصورات التقطن صورًا جميلة للطبيعة.,المُصَوِّرَات,مُصَوِّرَات,فَاعِلات,photographers,جمع مؤنث سالم,muSaw~iraAt
المقررات يضعن الخطط الدراسية بعناية.,المُقرِّرَات,مُقرِّرَات,فَاعِلات,"deciders, decision-makers",جمع مؤنث سالم,muqr~iraAt
الطبيبات يعالجن المرضى بكفاءة عالية.,الطَّبِيبَات,طبِيبَات,فَعِيلات,"doctors, female doctors",جمع مؤنث سالم,TbiybaAt
الشريفات يحرصن على التحلي بالأخلاق الفاضلة.,الشَّرِيفَات,شرِيفَات,فَعِيلات,noble women,جمع مؤنث سالم,$riyfaAt
الجريحات تلقين العلاج في المستشفى بعد الحادث.,الجَرِيحَات,جَرِيحَات,فَعِيلات,wounded women,جمع مؤنث سالم,jariyHaAt
النجيبات تألقن في مسابقة الرياضيات.,النَّجِيبَات,نجِيبَات,فَعِيلات,noble women,جمع مؤنث سالم,njiybaAt
الذكيات يتميزن بسرعة الفهم والاستيعاب.,الذَّكِيَّات,ذكِيَّات,فَعِيلات,intelligent women,جمع مؤنث سالم,*kiy~aAt
القويات يتغلبن على التحديات بشجاعة.,القَوِيَّات,قَوِيَّات,فَعِيلات,strong women,جمع مؤنث سالم,qawiy~aAt
المخلصات يعملن بجد وإخلاص في وظائفهن.,المُخْلِصَات,مُخْلِصَات,فَعِيلات,loyal women,جمع مؤنث سالم,muxoliSaAt
الرشيقات يحرصن على ممارسة الرياضة يوميًا.,الرَّشِيقَات,رشِيقَات,فَعِيلات,elegant women,جمع مؤنث سالم,r$iyqaAt
العفيفات يحترمن قيم المجتمع وأخلاقه.,العَفِيفَات,عَفِيفَات,فَعِيلات,modest women,جمع مؤنث سالم,EafiyfaAt
الجميلات تألقن في حفل التخرج بأناقة.,الجَمِيلَات,جَمِيلَات,فَعِيلات,beautiful women,جمع مؤنث سالم,jamiylaAt
زَرَعَتِ الفلاحاتُ الحُقولَ بالأملِ والصبرِ.,الفلاحاتُ,فلاحاتُ,فَعِيلات,"nurturing women, breastfeeding women",جمع مؤنث سالم,HaliybaAt
البديعات أبدعن في رسم لوحات فنية مذهلة.,البَدِيعَات,بَدِيعَات,فَعِيلات,innovative women,جمع مؤنث سالم,badiyEaAt
اللطيفات يتمتعن بأسلوب راقٍ في التعامل.,اللَّطِيفَات,لطِيفَات,فَعِيلات,"kind, gentle women",جمع مؤنث سالم,lTiyfaAt
الحزينات بكين عند وداع صديقتهن.,الحَزِينَات,حَزِينَات,فَعِيلات,sad women,جمع مؤنث سالم,HaziynaAt
النظيفات يحرصن على ترتيب منازلهن دائمًا.,النَّظِيفَات,نظِيفَات,فَعِيلات,clean women,جمع مؤنث سالم,nZiyfaAt
الخجولات يشعرن بالارتباك عند التحدث أمام الجمهور.,الخَجُولَات,خَجُولَات,فَعِيلات,shy women,جمع مؤنث سالم,xajuwlaAt
الصبورات يتحملن الصعاب دون تذمر.,الصَّبُورَات,صبُورَات,فَعِيلات,patient women,جمع مؤنث سالم,SbuwraAt
الكريمات لا يترددن في مساعدة الآخرين.,الكَرِيمَات,كَرِيمَات,فَعِيلات,generous women,جمع مؤنث سالم,kariymaAt
الحكيمات يتخذن قرارات صائبة في الأوقات الصعبة.,الحَكِيمَات,حَكِيمَات,فَعِيلات,wise women,جمع مؤنث سالم,HakiymaAt
القديرات ينجزن أعمالهن بكفاءة.,القَدِيرَات,قَدِيرَات,فَعِيلات,capable women,جمع مؤنث سالم,qadiyraAt
البشوشات ينشرن الأمل والفرح بين الناس.,البَشُوشَات,بَشُوشَات,فَعِيلات,cheerful women,جمع مؤنث سالم,ba$uw$aAt
المعذِّبات يعانين بسبب الظروف الصعبة.,المُعَذِّبَات,مُعَذِّبَات,فَعِيلات,tormenting women,جمع مؤنث سالم,muEa*~ibaAt
القانعات يرضين بالقليل ويشكرن الله.,القَانِعَات,قَانِعَات,فَعِيلات,content women,جمع مؤنث سالم,qaAniEaAt
الطويلات يتمتعن بقامة ممشوقة.,الطَّوِيلَات,طوِيلَات,فَعِيلات,tall women,جمع مؤنث سالم,TwiylaAt
الرقيقات يتحدثن بصوت ناعم وهادئ.,الرَّقِيقَات,رقِيقَات,فَعِيلات,delicate women,جمع مؤنث سالم,rqiyqaAt
الضعيفات يحتجن إلى تقوية عضلاتهن بالرياضة.,الضَّعِيفَات,ضعِيفَات,فَعِيلات,weak women,جمع مؤنث سالم,DEiyfaAt
الصادقات يتميزن بقول الحقيقة دائمًا.,الصَّادِقَات,صادِقَات,فَعِيلات,honest women,جمع مؤنث سالم,SAdiqaAt
الأمينات يؤدين واجباتهن بإخلاص.,الأَمِينَات,أمِينَات,فَعِيلات,trustworthy women,جمع مؤنث سالم,>miynaAt
الفطينات يستطعن حل المشكلات بسرعة.,الفَطِينَات,فَطِينَات,فَعِيلات,clever women,جمع مؤنث سالم,faTiynaAt
الماهرات يجدن الحِرف اليدوية بإتقان.,الْمَاهِرَات,مَاهِرَات,فَعِيلات,skilled women,جمع مؤنث سالم,maAhiraAt
المحبات ينشرن مشاعر الحب والسلام.,المُحِبَّات,مُحِبَّات,فَعِيلات,loving women,جمع مؤنث سالم,muHib~aAt
الرحيمات يعاملن الأطفال برفق.,الرَّحِيمَات,رحِيمَات,فَعِيلات,compassionate women,جمع مؤنث سالم,rHiymaAt
النشيطات يشاركن في الأنشطة المدرسية بحماس.,النَّشِيطَات,نشِيطَات,فَعِيلات,active women,جمع مؤنث سالم,n$iyTaAt
المرحات يملأن الجو بالضحك والسعادة.,المَرِحَات,مَرِحَات,فَعِيلات,cheerful women,جمع مؤنث سالم,mariHaAt
الناعمات يعتنين ببشرتهن جيدًا.,النَّاعِمَات,ناعِمَات,فَعِيلات,"soft, smooth women",جمع مؤنث سالم,nAEimaAt
المتواضعات لا يتفاخرن بإنجازاتهن.,المُتَوَاضِعَات,مُتَوَاضِعَات,فَعِيلات,humble women,جمع مؤنث سالم,mutawaADiEaAt
الحنونات يعطفن على الفقراء والمحتاجين.,الحَنُونَات,حَنُونَات,فَعِيلات,affectionate women,جمع مؤنث سالم,HanuwnaAt
السريعات ينهين أعمالهن في وقت قياسي.,السَّرِيعَات,سرِيعَات,فَعِيلات,fast women,جمع مؤنث سالم,sriyEaAt
"""تعاونَتِ السَّاكِنَاتُ في تنظيفِ الحديقةِ العامةِ بعدَ العاصفةِ.""",السَّاكِنَات,ساكِنَات,فَعِيلات,"residents, settled women",جمع مؤنث سالم,sAkinaAt
ساهمَتِ المُهندِساتُ في تصميمِ الجسرِ الحديثِ.,المُهندِساتُ,مُهَنْدِسَات,مُفَعِّلات,Engineers,جمع مؤنث سالم,muhandisAt
أشرفتِ الطّبيباتُ على علاجِ المرضى خلالَ الأزمةِ.,الطّبيباتُ,طَبيبات,فَعِيلات,Doctors,جمع مؤنث سالم,TabybAt
استلمَتْ إحدى المُديرَاتِ وسامًا للتميّزِ الإداريِّ.,المُديرَاتِ,مُدِيرَات,فَاعِلات,Managers,جمع مؤنث سالم,mudiyraAt
نُقدِّرُ جُهودَ المُعَلِّماتِ في تَربيةِ الأجيالِ.,المُعَلِّماتِ,مُعَلِّمات,مُفَعِّلات,Teachers,جمع مؤنث سالم,muEal~imAt
أعملُ مع فريقٍ من المُصمِّماتِ في مشروعٍ جديدٍ.,المُصمِّماتِ,مُصَمِّمات,مُفَعِّلات,Designers,جمع مؤنث سالم,muSam~imAt
تُقيمُ الكاتباتُ ندوةً أدبيةً هذا المساءِ.,الكاتباتُ,كاتِبات,فَاعِلات,Writers,جمع مؤنث سالم,kAtibAt
نَحتاجُ إلى مُترجِماتٍ في المؤتمرِ الدَّوليِّ.,مُترجِماتٍ,مُتَرجِمَات,مُفَعِّلات,Translators,جمع مؤنث سالم,mutarjimaAt
تُشارِكُ الطّالِباتُ في الأنشطةِ المدرسيّةِ.,الطّالِباتُ,طالِبات,فَاعِلات,Students,جمع مؤنث سالم,TAlibAt
استضافَ المؤتمرُ عددًا من المُحامِياتِ المُخضرَماتِ.,المُحامِياتِ,مُحاميات,فَاعِلات,Lawyers,جمع مؤنث سالم,muHAmyAt
تحدثَتْ بعضُ النّاشِطاتِ عن حقوقِ الإنسانِ.,النّاشِطاتِ,ناشِطات,فَاعِلات,Activists,جمع مؤنث سالم,nA$iTAt
أبهرتِ الرّياضِيّاتُ الجميعَ في المسابقةِ.,الرّياضِيّاتُ,رِياضِيّات,فَاعِلات,Athletes,جمع مؤنث سالم,riyADiy~At
نالَتِ الفَنّاناتُ إعجابَ النقادِ في المهرجانِ.,الفَنّاناتُ,فَنّانات,فَعَّالات,Artists,جمع مؤنث سالم,fan~AnAt
شرحَتِ المُدرِّساتُ قواعدَ اللغةِ بشكلٍ مبسّطٍ.,المُدرِّساتُ,مُدَرِّسات,مُفَعِّلات,Teachers,جمع مؤنث سالم,mudar~isAt
شاركَتِ الشُّرطِيّاتُ في تنظيمِ المرورِ.,الشُّرطِيّاتُ,شُرْطيّات,فَاعِلات,Policewomen,جمع مؤنث سالم,$uroTy~At
سهرَتِ المُمرِّضاتُ على راحةِ المرضى.,المُمرِّضاتُ,مُمَرِّضات,مُفَعِّلات,Nurses,جمع مؤنث سالم,mumar~iDAt
شاركتْ سبّاحاتٌ شاباتٌ في البطولةِ القاريةِ.,سبّاحاتٌ,سَبَّاحات,فَاعِلات,Swimmers,جمع مؤنث سالم,sab~aAHAt
استقبلْنا زائراتٍ من عدةِ دولٍ عربيةٍ.,زائراتٍ,زَائِرَات,فَاعِلات,Visitors,جمع مؤنث سالم,zaA}iraAt
أُعجِبَ الجمهورُ بعدساتِ المُصوِّراتِ المُبدِعاتِ.,المُصوِّراتِ,مَصُورِّات,مُفَعِّلات,Photographers,جمع مؤنث سالم,maSuwr~iAt
طوَّرَتِ الباحثاتُ نتائجَ مثيرةً في المشروعِ.,الباحثاتُ,باحِثات,فَاعِلات,Researchers,جمع مؤنث سالم,bAHivAt
نُسندُ المهامَّ إلى المُساعداتِ في البدايةِ.,المُساعداتِ,مُساعِدَات,مُفَاعِلات,Assistants,جمع مؤنث سالم,musAEidaAt
سافرتِ المُدَرِّساتُ لحضور دورةٍ تدريبيةٍ في الخارج.,المُدَرِّساتُ,مُدَرِّسَات,مُفَعِّلات,Teachers,جمع مؤنث سالم,mudari~saAt
قدّمت اللجنةُ جوائزَ للمُصَمِّمَاتِ المُبدِعاتِ في المعرضِ الفنيّ.,للمُصَمِّمَاتِ,مُصَمِّمَات,مُفَعِّلات,Designers,جمع مؤنث سالم,muSami~maAt
استعانَ الوفدُ الدبلوماسيُّ بمُتَرْجِمَاتٍ محترفاتٍ لتيسيرِ الحوارِ.,بمُتَرْجِمَاتٍ,مُتَرْجِمَات,مُفَعِّلات,Translators,جمع مؤنث سالم,mutarojimaAt
استعرضَتِ المُحَلِّلَاتُ نتائجَ البياناتِ بدقةٍ ووضوحٍ.,المُحَلِّلَاتُ,مُحَلِّلَات,مُفَعِّلات,Analysts,جمع مؤنث سالم,muHali~laAt
تفقّدَتِ المُشَرِفَاتُ سيرَ الامتحاناتِ في القاعاتِ كافةً.,المُشَرِفَاتُ,مُشَرِفَات,مُفَعِّلات,Supervisors,جمع مؤنث سالم,mu$arifaAt
قامت مُنَظِّمَاتُ الحفلِ بترتيبِ الفقراتِ باحترافٍ.,مُنَظِّمَاتُ,مُنَظِّمَات,مُفَعِّلات,Organizers,جمع مؤنث سالم,munaZi~maAt
اعتمدَ المشروعُ على خُطَطٍ وضعتْها مُخَطِّطَاتٌ متمكّناتٌ.,مُخَطِّطَاتٌ,مُخَطِّطَات,مُفَعِّلات,Planners,جمع مؤنث سالم,muxaTi~TaAt
تحرّكتِ المُوَزِّعَاتُ بين الحضورِ لتقديمِ الكتيّباتِ التوضيحيّةِ.,المُوَزِّعَاتُ,مُوَزِّعَات,مُفَعِّلات,Distributors,جمع مؤنث سالم,muwazi~EaAt
رصدَتِ المُصَوِّرَاتُ أجملَ اللحظاتِ في الفعاليةِ.,المُصَوِّرَاتُ,مُصَوِّرَات,مُفَعِّلات,Photographers,جمع مؤنث سالم,muSawi~raAt
بدأَتْ المُقَدِّمَاتُ الحفلَ بكلماتٍ ترحيبيةٍ مؤثرةٍ.,المُقَدِّمَاتُ,مُقَدِّمَات,مُفَعِّلات,Presenters,جمع مؤنث سالم,muqadi~maAt
راجعَتِ المُدَقِّقَاتُ النصوصَ بدقّةٍ قبلَ النشرِ.,المُدَقِّقَاتُ,مُدَقِّقَات,مُفَعِّلات,Proofreaders,جمع مؤنث سالم,mudaqi~qaAt
استعانَ المُحاضرُ بِمُفَسِّرَاتٍ لشرحِ المصطلحاتِ الدينيةِ.,بِمُفَسِّرَاتٍ,مُفَسِّرَات,مُفَعِّلات,Interpreters,جمع مؤنث سالم,mufasi~raAt
أشرفتِ الطّبِيبَاتُ على حالاتِ الطوارئِ بكفاءةٍ عاليةٍ.,الطّبِيبَاتُ,طَبِيبَات,فَعِيلات,Doctors,جمع مؤنث سالم,TabiybaAt
لفتَتْ ذَكِيَّاتُ الصفِّ أنظارَ الجميعِ بقدراتِهِنَّ العاليةِ.,ذَكِيَّاتُ,ذَكِيَّات,فَعِيلات,Smart,جمع مؤنث سالم,*akiya~At
واجهَتِ القَوِيَّاتُ التحدّياتِ دونَ تردُّدٍ أو خَوفٍ.,القَوِيَّاتُ,قَوِيَّات,فَعِيلات,Strong,جمع مؤنث سالم,qawiya~At
ساهمَتِ النَّشِيطَاتُ في تنظيمِ يومِ التطوّعِ بشكلٍ رائعٍ.,النَّشِيطَاتُ,نَشِيطَات,فَعِيلات,Active,جمع مؤنث سالم,na$iyTaAt
تَميزَتِ الحاضراتُ بأنّهُنَّ ظَرِيفَاتٌ في الحوارِ والمُعاملةِ.,ظَرِيفَاتٌ,ظَرِيفَات,فَعِيلات,Graceful,جمع مؤنث سالم,ZariyfaAt
تلقَّت بعضُ العَقِيمَاتِ دعمًا نفسيًّا في المركزِ الصحيِّ.,العَقِيمَاتِ,عَقِيمَات,فَعِيلات,Sterile,جمع مؤنث سالم,EaqiymaAt
أنجَزَتِ الفتياتُ سَرِيعَاتِ الأداءِ المُهمّاتِ بكفاءةٍ.,سَرِيعَاتِ,سَرِيعَات,فَعِيلات,Fast,جمع مؤنث سالم,sariyEaAt
أشارَ التقريرُ إلى أنَّ بَطِيئَاتِ التعلمِ يحتجنَ لدعمٍ إضافيٍّ.,بَطِيئَاتِ,بَطِيئَات,فَعِيلات,Slow,جمع مؤنث سالم,baTiy}aAt
قدّمتِ الرَّشِيقَاتُ عرضًا راقصًا في حفلِ المدرسةِ.,الرَّشِيقَاتُ,رَشِيقَات,فَعِيلات,Slender,جمع مؤنث سالم,ra$iyqaAt
تمتازُ رَقِيقَاتُ الصوتِ بجمالِ الأداءِ الغنائيِّ.,رَقِيقَاتُ,رَقِيقَات,فَعِيلات,Delicate,جمع مؤنث سالم,raqiyqaAt
وفّرَ المدرِّسُ دعمًا خاصًّا للطّالباتِ الضَّعِيفَاتِ في الرّياضيّاتِ.,الضَّعِيفَاتِ,ضَعِيفَات,فَعِيلات,Weak,جمع مؤنث سالم,DaEiyfaAt
نُشِرَت مقالاتٌ مُلهمةٌ لِكَاتِبَاتٍ شاباتٍ في المجلةِ الأدبيةِ.,لِكَاتِبَاتٍ,كَاتِبَات,فَاعِلات,Writers,جمع مؤنث سالم,kaAtibaAt
اجتمعَتِ القَارِئَاتُ في النادي لِمُناقشةِ الروايةِ الجديدةِ.,القَارِئَاتُ,قَارِئَات,فَاعِلات,Readers,جمع مؤنث سالم,qaAri}aAt
كُرِّمَت المُعَلِّمَاتُ المُتميّزاتُ في حفلِ التخرّجِ.,المُعَلِّمَاتُ,مُعَلِّمَات,فَاعِلات,Teachers,جمع مؤنث سالم,muEali~maAt
قدّمتِ الرَّاقِصَاتُ عرضًا تقليديًا في المهرجانِ الثقافيِّ.,الرَّاقِصَاتُ,رَاقِصَات,فَاعِلات,Dancers,جمع مؤنث سالم,raAqiSaAt
سجّلَت المُشَارِكَاتُ أسماؤهُنَّ في قائمةِ المتطوّعاتِ.,المُشَارِكَاتُ,مُشَارِكَات,فَاعِلات,Participants,جمع مؤنث سالم,mu$aArikaAt
تلقَّتِ النّاجِحَاتُ شهاداتِ تقديرٍ من إدارةِ المدرسةِ.,النّاجِحَاتُ,نَاجِحَات,فَاعِلات,Successful,جمع مؤنث سالم,naAjiHaAt
ذُكرَتْ أسماؤُ المُسَاهِمَاتِ في نهايةِ التقريرِ.,المُسَاهِمَاتِ,مُسَاهِمَات,فَاعِلات,Contributors,جمع مؤنث سالم,musaAhimaAt
بَذلَت المُنَافِسَاتُ جُهدًا كبيرًا للفوزِ بالجائزةِ.,المُنَافِسَاتُ,مُنَافِسَات,فَاعِلات,Competitors,جمع مؤنث سالم,munaAfisaAt
قامتِ المُبَادِرَاتُ بحملةٍ توعويةٍ في المدارسِ.,المُبَادِرَاتُ,مُبَادِرَات,فَاعِلات,Initiators,جمع مؤنث سالم,mubaAdiraAt
المُحِبَّاتُ للعلمِ يسعَينَ دائمًا للتطوّرِ.,المُحِبَّاتُ,مُحِبَّات,فَاعِلات,Lovers,جمع مؤنث سالم,muHiba~At
تولّت الرَّاعِيَاتُ الإشرافَ على الفعاليّةِ بالكاملِ.,الرَّاعِيَاتُ,رَاعِيَات,فَاعِلات,Carer,جمع مؤنث سالم,raAEiyaAt
أبدعَتِ الصَّانِعَاتُ في تقديمِ مُنتجاتٍ يدويةٍ رائعةٍ.,الصَّانِعَاتُ,صَانِعَات,فَاعِلات,Creators,جمع مؤنث سالم,SaAniEaAt
راجعتِ الموظفةُ المُدْخِلَاتِ للتأكّدِ من دقّتهنَّ.,المُدْخِلَاتِ,مُدْخِلَات,مُفْعِلات,M Inputs,جمع مؤنث سالم,mudoxilaAt
عُرضَ الفيلمُ بحضورِ المُخْرِجَاتِ الشاباتِ.,المُخْرِجَاتِ,مُخْرِجَات,مُفْعِلات,Outputs,جمع مؤنث سالم,muxorijaAt
احتفَتِ المؤسّسةُ بالمُنْشِئَاتِ الأوائلِ للمشروعِ.,بالمُنْشِئَاتِ,مُنْشِئَات,مُفْعِلات,Constructors,جمع مؤنث سالم,muno$i}aAt
قدّمتِ المُطْلِقَاتُ أفكارًا جريئةً في الاجتماعِ الأولِ.,المُطْلِقَاتُ,مُطْلِقَات,مُفْعِلات,Starters,جمع مؤنث سالم,muToliqaAt
أبدَتِ المُسْتَخْدِمَاتُ إعجابَهُنَّ بالواجهةِ الجديدةِ للتطبيقِ.,المُسْتَخْدِمَاتُ,مُسْتَخْدِمَات,مُفْعِلات,Users,جمع مؤنث سالم,musotaxodimaAt
نظّمتِ المُشْرِفَاتُ البرنامجَ الصيفيَّ للأطفالِ.,المُشْرِفَاتُ,مُشْرِفَات,مُفْعِلات,Supervisors,جمع مؤنث سالم,mu$orifaAt
تابعَ الجميعُ المُجْرِيَاتِ لحظةً بلحظةٍ عبرَ البثِّ المُباشرِ.,المُجْرِيَاتِ,مُجْرِيَات,مُفْعِلات,Conductors,جمع مؤنث سالم,mujoriyaAt
تستعدُّ المُسْتَقْبِلَاتُ لاستلامِ إشاراتٍ جديدةٍ في الجهازِ العصبيِّ.,المُسْتَقْبِلَاتُ,مُسْتَقْبِلَات,مُفْعِلات,Receivers,جمع مؤنث سالم,musotaqobilaAt
راقبَتِ اللجنةُ المُصْدِرَاتِ التي تجاوزَت الحدَّ المسموحَ بهِ.,المُصْدِرَاتِ,مُصْدِرَات,مُفْعِلات,Exporters,جمع مؤنث سالم,muSodiraAt
كانتِ الطّالباتُ مُحْتَفِظَاتٍ بأسرارِ زميلاتِهِنَّ بأمانةٍ.,مُحْتَفِظَاتٍ,مُحْتَفِظَات,مُفْعِلات,Reservoirs,جمع مؤنث سالم,muHotafiZaAt
قَدّمَتِ المُسَاعِدَاتُ جهودًا كبيرةً في تنظيمِ الحدثِ.,المُسَاعِدَاتُ,مُسَاعِدَات,مُفَاعِلات,Accessories,جمع مؤنث سالم,musaAEidaAt
تميّزتِ المُحَاوِرَاتُ باللباقةِ وسرعةِ البديهةِ.,المُحَاوِرَاتُ,مُحَاوِرَات,مُفَاعِلات,Dialogues,جمع مؤنث سالم,muHaAwiraAt
انتهَتِ المُنَاقِشَاتُ باتفاقٍ على أهمِّ التوصياتِ.,المُنَاقِشَاتُ,مُنَاقِشَات,مُفَاعِلات,Discussions,جمع مؤنث سالم,munaAqi$aAt
تبادلتِ المُكَاتِبَاتُ رسائلَ رسميةً بين الدوائرِ الحكوميةِ.,المُكَاتِبَاتُ,مُكَاتِبَات,مُفَاعِلات,Correspondents,جمع مؤنث سالم,mukaAtibaAt
كرَّمَت المؤسّسةُ المُكَافِحَاتِ في مواجهةِ الفسادِ.,المُكَافِحَاتِ,مُكَافِحَات,مُفَاعِلات,Fighters,جمع مؤنث سالم,mukaAfiHaAt
سَجلْنا مُفَاعِلَاتٍ جديدةً في تجربةِ الكيمياءِ.,مُفَاعِلَاتٍ,مُفَاعِلَات,مُفَاعِلات,Reactors,جمع مؤنث سالم,mufaAEilaAt
أثبتَت المُعَالِجَاتُ فاعليتَهُنَّ في التعاملِ مع الحالاتِ النفسيةِ.,المُعَالِجَاتُ,مُعَالِجَات,مُفَاعِلات,Processors,جمع مؤنث سالم,muEaAlijaAt
تعملُ الغَسَّالَاتُ الحديثةُ بكفاءةٍ واستهلاكٍ أقلٍّ للطاقةِ.,الغَسَّالَاتُ,غَسَّالَات,فَعَّالات,Washers,جمع مؤنث سالم,gasa~AlaAt
وُصِفَتْ الشخصياتُ في الروايةِ بأنّهُنَّ قَتَّالَاتٌ بلا رحمةٍ.,قَتَّالَاتٌ,قَتَّالَات,فَعَّالات,Fighters,جمع مؤنث سالم,qata~AlaAt
شاركتِ الضَّارِبَاتُ في العروضِ القتاليةِ خلالَ المهرجانِ.,الضَّارِبَاتُ,ضَارِبَات,فَعَّالات,Strikers,جمع مؤنث سالم,DaAribaAt
تفنّنَتِ الخَبَّازَاتُ في إعدادِ المعجناتِ الشرقيةِ.,الخَبَّازَاتُ,خَبَّازَات,فَعَّالات,Bakers,جمع مؤنث سالم,xaba~AzaAt
لفتَتِ الفَنَّانَاتُ أنظارَ الجمهورِ في المعرضِ التشكيليِّ.,الفَنَّانَاتُ,فَنَّانَات,فَعَّالات,Artists,جمع مؤنث سالم,fana~AnaAt
عمِلَتِ البَناتُ على بناءِ مجسماتٍ هندسيةٍ دقيقةٍ.,مجسماتٍ,مجسمات,فَعَالات,Girls,جمع مؤنث سالم,banaAt
استُدعِيَتِ الشَّاهِدَاتُ للإدلاءِ بإفادَتِهِنَّ أمامَ المحكمةِ.,الشَّاهِدَاتُ,شَاهِدَات,فَعَّالات,Witnesses,جمع مؤنث سالم,$aAhidaAt
حضّرَتِ الطَّبَّاخَاتُ وليمةً شعبيةً في الفعاليةِ التراثيةِ.,الطَّبَّاخَاتُ,طَبَّاخَات,فَعَّالات,Cooks,جمع مؤنث سالم,Taba~AxaAt
اقتربتِ القَارِبَاتُ من الميناءِ بعدَ رحلةٍ طويلةٍ في البحرِ.,القَارِبَاتُ,قَارِبَات,فَعَّالات,Boats,جمع مؤنث سالم,qaAribaAt
تناولَ الفيلمُ قصةَ سَفَّاحَاتٍ ارتكبنَ جرائمَ غامضةً.,سَفَّاحَاتٍ,سَفَّاحَات,فَعَّالات,Murderers,جمع مؤنث سالم,safa~AHaAt
تحدثت الراقِيَات بأسلوب يدل على تهذيب.,الراقِيَات,رَاقِيَات,فَعِيلات,Elegant,جمع مؤنث سالم,raAqiyaAt
أشرفت المُنَفِّذَات على المشروع حتى نهايته.,المُنَفِّذَات,مُنَفِّذَات,مُفْعِلات,Implementers,جمع مؤنث سالم,munafi~*aAt
كرّمت الإدارة المُشرفات على جهودهن.,المُشرفات,مُشرفات,مُفْعِلات,Supervisors,جمع مؤنث سالم,mu$rfAt
نظّمت المُراقبات جدول الامتحانات.,المُراقبات,مُراقبات,فاعِلات,Monitors,جمع مؤنث سالم,murAqbAt
قامت المُفتشات بجولة تفقدية.,المُفتشات,مُفتشات,فاعِلات,Inspectors,جمع مؤنث سالم,muft$At
تابعت المُساعدات تحضيرات المعرض.,المُساعدات,مُساعدات,مُفْعِلات,Assistant,جمع مؤنث سالم,musAEdAt
اجتمعت المُدربات لمناقشة الخطة.,المُدربات,مُدربات,مُفْعِلات,Trainers,جمع مؤنث سالم,mudrbAt
أعدّت المُحررات التقرير الشهري.,المُحررات,مُحررات,مُفْعِلات,Editors,جمع مؤنث سالم,muHrrAt
شاركت المُحللات في تقديم النتائج.,المُحللات,مُحللات,مُفَعِّلات,Analysts,جمع مؤنث سالم,muHllAt
دعمت المُتطوعات الحملة الصحية.,المُتطوعات,مُتطوعات,مُتَفَعِّلات,Volunteers,جمع مؤنث سالم,mutTwEAt
أنهت المُنسقات أعمال الترتيب.,المُنسقات,مُنسقات,مُفْعِلات,Coordinators,جمع مؤنث سالم,munsqAt
تحدّثت المُخططات عن مخرجات المشروع.,المُخططات,مُخططات,مُفَعِّلات,Planners,جمع مؤنث سالم,muxTTAt
أبهرت الذكيات الحضور بإجاباتهن.,الذكيات,ذكيات,فَعِيلات,Smart,جمع مؤنث سالم,*kyAt
أظهرت السّريعات تفوقًا واضحًا في السباق.,السّريعات,سريعات,فَعِيلات,Fast,جمع مؤنث سالم,sryEAt
تميّزت النشيطات بروح المبادرة.,النشيطات,نشيطات,فَعِيلات,Active,جمع مؤنث سالم,n$yTAt
كانت الطّويلات أول الواصلات.,الطّويلات,طويلات,فَعِيلات,Tall,جمع مؤنث سالم,TwylAt
انبهرت اللجنة بالراقيات.,بالراقيات,راقيات,فَعِيلات,Sophisticated,جمع مؤنث سالم,rAqyAt
تنافست الفتيات القويّات في المسابقة.,القويّات,قويّات,فَعِيلات,Strong,جمع مؤنث سالم,qwy~At
دافعت الصّادقات عن زميلتهن.,الصّادقات,صادقات,فَعِيلات,Honest,جمع مؤنث سالم,SAdqAt
رافقت الرشيقات الفريق الطبي.,الرشيقات,رشيقات,فَعِيلات,Slender,جمع مؤنث سالم,r$yqAt
أسهمت الكريمات في جمع التبرعات.,الكريمات,كريمات,فَعِيلات,Generous,جمع مؤنث سالم,krymAt
بَرَزَت العفيفات بأخلاقهن العالية.,العفيفات,عفيفات,فَعِيلات,Chaste,جمع مؤنث سالم,EfyfAt
كانت الحريصات أول من أنهى التمرين.,الحريصات,حريصات,فَعِيلات,Careful,جمع مؤنث سالم,HrySAt
انتظرَ العشاقُ رسائلَ الحبيباتِ عندَ بابِ الذاكرةِ.,الحبيباتِ,حبيباتِ,فَعِيلات,Quick,جمع مؤنث سالم,s~ryEAt
أثبتت اللطيفات قدرتهن على القيادة.,اللطيفات,لطيفات,فَعِيلات,Nice,جمع مؤنث سالم,lTyfAt
أعجب الجمهور بالظريفات في العرض المسرحي.,بالظريفات,ظريفات,فَعِيلات,Graceful,جمع مؤنث سالم,ZryfAt
التفتَ العشاقُ لضحكاتِ العاشقاتِ وهي تهمسُ بالحياةِ.,العاشقاتِ,عاشقاتِ,فَعِيلات,Serious,جمع مؤنث سالم,jAd~At
أرسلت المُدخِلات التقارير في الموعد.,المُدخِلات,مُدخِلات,مُفْعِلات,Entry-in,جمع مؤنث سالم,mudxilAt
بايعتِ الصحابياتُ النبيَّ على الطاعةِ والخيرِ.,الصحابياتُ,صحابياتُ,مُفَعِّلات,Designers,جمع مؤنث سالم,muSmmAt
أعادت المُعيدات ترتيب الملفات.,المُعيدات,مُعيدات,مُفْعِلات,Teachers,جمع مؤنث سالم,muEydAt
أعدّت المُذيعات النشرات الإخبارية.,المُذيعات,مُذيعات,مُفْعِلات,Broadcasters,جمع مؤنث سالم,mu*yEAt
قدّمت المُترجمات النصوص للطلاب.,المُترجمات,مُترجمات,مُفْعِلات,Translators,جمع مؤنث سالم,mutrjmAt
سجّلت المُستقبلات البيانات بدقة.,المُستقبلات,مُستقبلات,مُسْتَفْعِلات,Receptionists,جمع مؤنث سالم,mustqblAt
ركبت المُوظفات التقارير إلكترونيًا.,المُوظفات,مُوظفات,مُفْعِلات,Employees,جمع مؤنث سالم,muwZfAt
أجابت المُستطلِعات عن كل الأسئلة.,المُستطلِعات,مُستطلِعات,مُسْتَفْعِلات,Surveyors,جمع مؤنث سالم,mustTliEAt
أعدّت المُنظمات ترتيب القاعة.,المُنظمات,مُنظمات,مُفَعِّلات,Organizers,جمع مؤنث سالم,munZmAt
نشرت المُشاركات الصور على المنصات.,المُشاركات,مُشاركات,مُفَاعِلات,Participants,جمع مؤنث سالم,mu$ArkAt
درّبت المُبرمجات الفريق التقني.,المُبرمجات,مُبرمجات,مُفْعِلات,Programmers,جمع مؤنث سالم,mubrmjAt
راجعت المُراجِعات محتوى المقالات.,المُراجِعات,مُراجِعات,مُفَاعِلات,Reviewers,جمع مؤنث سالم,murAjiEAt
ركضت العدّاءات في سباق المدارس.,العدّاءات,عدّاءات,فَعَّالات,Runners,جمع مؤنث سالم,Ed~A'At
شاركت اللاعبات في الدوري المحلي.,اللاعبات,لاعبات,فَاعِلات,Players,جمع مؤنث سالم,lAEbAt
رافقت الشرطيات قافلة الأمن.,الشرطيات,شرطيات,فِعَالِيّات,Policewomen,جمع مؤنث سالم,$rTyAt
قابلت الإعلاميات وزير التعليم.,الإعلاميات,إعلاميات,فِعَالِيّات,Media professionals,جمع مؤنث سالم,<ElAmyAt
أشرفت المُحلِّلات على الدراسة العلمية.,المُحلِّلات,مُحلِّلات,مُفَعِّلات,Analysts,جمع مؤنث سالم,muHl~ilAt
حفّزت المُشجّعات اللاعبات بقوة.,المُشجّعات,مُشجّعات,مُفَعِّلات,Cheerleaders,جمع مؤنث سالم,mu$j~EAt
فعّلت المُنظّمات النظام الإلكتروني.,المُنظّمات,مُنظّمات,مُفَعِّلات,Organizers,جمع مؤنث سالم,munZ~mAt
جذبت المُروّجات انتباه الجمهور.,المُروّجات,مُروّجات,مُفَعِّلات,Promoters,جمع مؤنث سالم,murw~jAt
حذّرت المُنَبِّهات من مخاطر التأخير.,المُنَبِّهات,مُنَبِّهات,مُفَعِّلات,Alarmists,جمع مؤنث سالم,munab~ihAt
أطلقت المُحرّكات الفعالية الكبرى.,المُحرّكات,مُحرّكات,مُفَعِّلات,Movers,جمع مؤنث سالم,muHr~kAt
ساعدت المُعدِّلات في تصميم البرنامج.,المُعدِّلات,مُعدِّلات,مُفَعِّلات,Adjusters,جمع مؤنث سالم,muEd~ilAt
تابعت المُراقِبات ملاحظات الورشة.,المُراقِبات,مُراقِبات,مُفَاعِلات,Monitors,جمع مؤنث سالم,murAqibAt
أعلنت المُنسّقات بدء الفقرة الأولى.,المُنسّقات,مُنسّقات,مُفَعِّلات,Coordinators,جمع مؤنث سالم,muns~qAt
جهّزت المُرتِّبات المنصة مبكرًا.,المُرتِّبات,مُرتِّبات,مُفَعِّلات,Arrangers,جمع مؤنث سالم,murt~ibAt
خطّطت المُفكِّرات للقاء القادم.,المُفكِّرات,مُفكِّرات,مُفَعِّلات,Notebooks,جمع مؤنث سالم,mufk~irAt
اختارت المُنقِّحات أفضل النصوص.,المُنقِّحات,مُنقِّحات,مُفَعِّلات,Revisers,جمع مؤنث سالم,munq~iHAt
شرحت المُفسِّرات مضمون النص الأدبي.,المُفسِّرات,مُفسِّرات,مُفَعِّلات,Interpreters,جمع مؤنث سالم,mufs~irAt
احتفينا بإنجازات الخريجات.,بإِنجازات,إِنجازات,إِفْعالات,Achievements,جمع مؤنث سالم,<injAzAt
كثرت التَّساؤلات بعد الإعلان.,التَّساؤلات,تساؤلات,تَفَاعُلات,Questions,جمع مؤنث سالم,tsA&lAt
العذراوات في الرواية كُنّ رمزا للنقاء والبراءة.,العذراوات,عذراوات,فَعْلاوات,Virgins,جمع مؤنث سالم,E*rAwAt
وزعت المعلمة كتيّبات تعليمية على الطالبات.,كتيّبات,كتيّبات,فُعَيِّلات,Booklets,جمع مؤنث سالم,kty~bAt
قدمت الطالبة تعريفات دقيقة للمفاهيم العلمية.,تعريفات,تعريفات,تَفْعِيلات,Definitions,جمع مؤنث سالم,tEryfAt
 لبَّتِ الحاجَّاتُ نداءَ الإيمانِ في موسمِ الحجِّ., الحاجَّاتُ, حاجَّات,فَاعِلات,Preferences,جمع مؤنث سالم,fDlyAt
قطفنا ثمرات لذيذة من أشجار التفاح.,ثمرات,ثمرات,فَعَلات,Fruits,جمع مؤنث سالم,vmrAt
زيّنت وردات الياسمين مداخل البيوت.,وردات,وردات,فَعَلات,Roses,جمع مؤنث سالم,wrdAt
أصدرت الأجهزة الناطقات تحذيرات من العاصفة.,ناطقات,ناطقات,فَاعِلات,Speakers,جمع مؤنث سالم,nATqAt
نُشرت تحقيقات موسعة حول القضية الأخيرة.,تحقيقات,تحقيقات,تَفْعِيلات,Investigations,جمع مؤنث سالم,tHqyqAt
وزع المعلم كراسات الواجب على الطلبة.,كرّاسات,كرّاسات,فَعَّالات,Notebooks,جمع مؤنث سالم,kr~AsAt
شاركت البيضاوات في موكب الاحتفال بالسلام.,البيضاوات,بيضاوات,فَعْلاوات,White papers,جمع مؤنث سالم,byDAwAt
اقتنت المدرسة مجموعة من الكمبيوترات الحديثة.,الكمبيوترات,كمبيوترات,جمع أعجمي مؤنث,Computers,جمع مؤنث سالم,kmbywtrAt
جربتِ العالماتُ تقنياتٍ مبتكرةً لعلاجِ الأورامِ.,العالماتُ,عالمات,فاعِلات,Scientists,جمع مؤنث سالم,EAlmAt
 كتبتِ الباحثاتُ تقاريرَ حولَ تطوّرِ اللقاحاتِ.,اللقاحاتِ,لقاحات,فِعالَات,Watts,جمع مؤنث سالم,lqAHAt
 ساهمتِ المتخصصاتُ في بناءِ برامجِ الذكاءِ الاصطناعيِّ., المتخصصاتُ, متخصصات,مُتفعّلات,Specialists,جمع مؤنث سالم,mtxSSAt
بَرَعَتِ الإحصائيّاتُ في تحليلِ البياناتِ المعقدةِ., الإحصائيّاتُ, إحصائيّات,اِفْعالِيّات,Statisticians,جمع مؤنث سالم,<HSA}y~At
رَسَمَتِ الرَّساماتُ تصاميمَ هندسيةً دقيقةً.,الرَّساماتُ, رسامات,فَعّالات,Painters,جمع مؤنث سالم,rsAmAt
نَظَّمَتِ الفيزيائياتُ محاضراتٍ عن الطاقةِ المتجددةِ., محاضراتٍ, محاضرات,مُفاعِلات,Lecturers,جمع مؤنث سالم,mHADrAt
أنجزتِ المُبرمجاتُ تطبيقاتٍ تخدمُ المجتمعَ.,المُبرمجاتُ ,مُبرمجات,مُفعِلات,Programmers,جمع مؤنث سالم,mubrmjAt
أَجْرَتِ المختبراتُ تجاربَ دقيقةً بمساعدةِ الفنيَّاتِ.,الفنيَّاتِ,فنيَّاتِ,فَعليّات,Technicians,جمع مؤنث سالم,fny~aAti
نَشَرَتِ الطبيباتُ أبحاثًا في المجلاتِ العالميةِ.,المجلاتِ,مجلاتِ,فَعّالات,Magazines,جمع مؤنث سالم,mjlAt
عادتِ المؤمناتُ من العمرةِ بقلوبٍ نقيةٍ.,المؤمناتُ ,مؤمنات ,مُفعِلات,Beliefs,جمع مؤنث سالم,m&mnAt
سجدتِ الساجداتُ طويلاً في محرابِ الرحمةِ.,الساجداتُ,ساجدات,فاعِلات,Prostrating women,جمع مؤنث سالم,sAjdAt
اشتاقتِ التائباتُ إلى رحمةِ اللهِ بعدَ الذنبِ.,التائباتُ,تائبات,فاعِلات,Repentant women,جمع مؤنث سالم,tA}bAt
أوصتِ المربياتُ بالصلاةِ والتسامحِ.,المربياتُ,مربيات,مُفعّلات,Educators,جمع مؤنث سالم,mrbyAt
حافظتِ الحافظاتُ على وِرْدِ القرآنِ اليوميِّ., الحافظاتُ, حافظات,فاعِلات,Memorizers,جمع مؤنث سالم,HAfZAt
وَقَفَتِ المصلّياتُ صفًا واحدًا في الفجرِ., المصلّياتُ, مصلّيات,مُفعّلات,Health workers,جمع مؤنث سالم,mSl~yAt
سَألتِ المتصدقاتُ الأجرَ من اللهِ وحده.,المتصدقاتُ,متصدقات,مُتفعّلات,Charity workers,جمع مؤنث سالم,mtSdqAt
سارتِ الزاهداتُ في دروبِ التقوى.,الزاهداتُ,زاهدات,فاعِلات,Ascetics,جمع مؤنث سالم,zAhdAt
اجتهدتِ الداعياتُ في نشرِ تعاليمِ الدينِ., الداعياتُ, داعيات,فاعِلات,Prayers,جمع مؤنث سالم,dAEyAt
لَمَعَتْ أعينُ الفتياتِ عندَ سماعِ كلماتِ الحبِّ., كلماتِ , كلماتِ ,فِعَلات,Words,جمع مؤنث سالم,klmAti
أَحْسَنَتِ المبدعاتُ التعبيرَ عن وجعِ الوطنِ.,المبدعاتُ,مبدعات,مُفعِلات,Creatives,جمع مؤنث سالم,mbdEAt
تعالتْ أصواتُ المغنياتِ في مهرجانِ الطربِ العربيِّ.,المغنياتِ,مغنيات,مُفعّلات,Scenarios,جمع مؤنث سالم,mgnyAt
التفتَ العشاقُ لضحكاتِ العاشقاتِ وهي تهمسُ بالحياةِ., العاشقاتِ,عاشقات,فاعِلات,Lovers,جمع مؤنث سالم,EA$qAt
خَطَّتِ الحروفُ على صفحاتِ الدواوينِ بيدِ الشاعرات., صفحاتِ, صفحاتِ,فَعَلات,Prayers,جمع مؤنث سالم,SfHAti
خَطَّتِ الحروفُ على صفحاتِ الدواوينِ بيدِ الشاعرات., الشاعرات, شاعرات,فاعِلات,Poets,جمع مؤنث سالم,$AErAt
رَوَتِ الجداتُ قصصًا تنسجُ الحكمةَ في أعماقِ الطفولة.,الجدَّاتُ,جدَّات,فَعّالات,Grandmothers,جمع مؤنث سالم,jd~aAt